グループ名,コンテンツID,Slug,公開,並び順,カテゴリ,タイトル,コンテンツ,名称の通称(拡張項目),名称のカナ名(拡張項目),名称の英語名(拡張項目),JTTAコード(拡張項目),POIコード(拡張項目),全国地方公共団体コード(拡張項目),郵便番号(拡張項目),都道府県(拡張項目),市区町村(拡張項目),住所(拡張項目),住所の方書(拡張項目),エリア(拡張項目),問い合わせ名(拡張項目),電話番号(拡張項目),FAX(拡張項目),問い合わせ情報(拡張項目),内線番号(拡張項目),メールアドレス(拡張項目),URL(拡張項目),キャッチコピー(拡張項目),説明(拡張項目),重要通知事項(拡張項目),注意事項・備考等(拡張項目),営業開始日(拡張項目),営業終了日(拡張項目),日付表示タイプ(拡張項目),営業開始時間(拡張項目),営業終了時間(拡張項目),営業日時備考(拡張項目),通年ロケーション(拡張項目),クローズフラグ(拡張項目),料金(拡張項目),料金の備考(拡張項目),年齢(拡張項目),利用対象年齢備考(拡張項目),交通アクセスに関する説明(拡張項目),駐車場に関する説明(拡張項目),バリアフリー・ハラルに関する説明(拡張項目),多言語対応に関する説明(拡張項目),文化財(拡張項目),施設情報(拡張項目),宿泊情報(拡張項目),温泉情報(拡張項目),規模(拡張項目),日本版持続可能な観光ガイドラインに関する説明(拡張項目),画像ファイル(拡張項目),画像のALT(拡張項目),クレジット(拡張項目),ライセンス(拡張項目),人流分析(拡張項目),ページビュー数(拡張項目),日本測地系（緯度）(拡張項目),日本測地系（経度）(拡張項目),世界測地系（緯度）(拡張項目),世界測地系（経度）(拡張項目),新規登録日時,最終更新日,一覧に表示する,上位表示する,アクセス制限,メンバーID,言語,削除フラグ,開始日付(公開日指定),開始時刻(公開日指定),終了日付(公開日指定),終了時刻(公開日指定),タグ
【DB】Location ロケーション,135625,289a978e-28b8-4e5d-aeb1-b76f85bfee8b,1,500,公的観光レクリエーション地域,美山町自然文化村河鹿荘,,美山町自然文化村河鹿荘,ミヤマチョウシゼンブンカムラカジカソウ,,26382ca3280119221,,26213,601-0713,京都府,南丹市,京都府南丹市美山町中下向56,,丹波,美山町自然文化村河鹿荘__RCMS_CONTENT_BOUNDARY__美山町自然文化村河鹿荘__RCMS_CONTENT_BOUNDARY____RCMS_CONTENT_BOUNDARY____RCMS_CONTENT_BOUNDARY__,0771-77-0014__RCMS_CONTENT_BOUNDARY__0771-77-0014__RCMS_CONTENT_BOUNDARY____RCMS_CONTENT_BOUNDARY____RCMS_CONTENT_BOUNDARY__,0771-77-0020__RCMS_CONTENT_BOUNDARY__0771-77-0020__RCMS_CONTENT_BOUNDARY____RCMS_CONTENT_BOUNDARY____RCMS_CONTENT_BOUNDARY__,__RCMS_CONTENT_BOUNDARY____RCMS_CONTENT_BOUNDARY____RCMS_CONTENT_BOUNDARY____RCMS_CONTENT_BOUNDARY__,__RCMS_CONTENT_BOUNDARY____RCMS_CONTENT_BOUNDARY____RCMS_CONTENT_BOUNDARY____RCMS_CONTENT_BOUNDARY__,__RCMS_CONTENT_BOUNDARY__kajika@cans.zaq.ne.jp__RCMS_CONTENT_BOUNDARY____RCMS_CONTENT_BOUNDARY____RCMS_CONTENT_BOUNDARY__,"{""url"":""http://miyama-kajika.com/"",""title"":""美山町自然文化村""}__RCMS_CONTENT_BOUNDARY__{""url"":"""",""title"":""""}__RCMS_CONTENT_BOUNDARY__{""url"":"""",""title"":""""}__RCMS_CONTENT_BOUNDARY__{""url"":"""",""title"":""""}__RCMS_CONTENT_BOUNDARY__{""url"":"""",""title"":""""}__RCMS_CONTENT_BOUNDARY__{""url"":"""",""title"":""""}__RCMS_CONTENT_BOUNDARY__{""url"":"""",""title"":""""}__RCMS_CONTENT_BOUNDARY__{""url"":"""",""title"":""""}__RCMS_CONTENT_BOUNDARY__{""url"":"""",""title"":""""}__RCMS_CONTENT_BOUNDARY__{""url"":"""",""title"":""""}",,"由良川沿いに建つログハウス調の宿。美山の旬の食材を使った料理が味わえる。
宿泊施設のほかに日帰り入浴・キャンプ場・レストラン・ピザレストラン・売店・レンタサイクル・遊歩道・魚のつかみ捕り（夏季）などがある。",,,2023-01-01T00:00:00+09:00,2023-12-31T00:00:00+09:00,日付,,,,通年ロケーション,,,,,,"知見口 徒歩 5分
JR園部駅またはJR日吉駅 バス 60分 南丹市営バスバス停「知見口」（自然文化村）下車",,"盲導犬の受け入れ○ 
車椅子対応トイレ○ 
車椅子対応スロープ○ 
車椅子対応客室○ 1Fのみ
車椅子対応レストラン○",,,,,,,,PATH::135625_ext_6_0.jpg__RCMS_CONTENT_BOUNDARY__PATH::135625_ext_6_1.jpg__RCMS_CONTENT_BOUNDARY__PATH::135625_ext_6_2.jpg__RCMS_CONTENT_BOUNDARY__PATH::135625_ext_6_3.jpg__RCMS_CONTENT_BOUNDARY__PATH::135625_ext_6_4.jpg__RCMS_CONTENT_BOUNDARY____RCMS_CONTENT_BOUNDARY____RCMS_CONTENT_BOUNDARY____RCMS_CONTENT_BOUNDARY____RCMS_CONTENT_BOUNDARY____RCMS_CONTENT_BOUNDARY____RCMS_CONTENT_BOUNDARY____RCMS_CONTENT_BOUNDARY____RCMS_CONTENT_BOUNDARY____RCMS_CONTENT_BOUNDARY____RCMS_CONTENT_BOUNDARY____RCMS_CONTENT_BOUNDARY____RCMS_CONTENT_BOUNDARY____RCMS_CONTENT_BOUNDARY____RCMS_CONTENT_BOUNDARY____RCMS_CONTENT_BOUNDARY____RCMS_CONTENT_BOUNDARY____RCMS_CONTENT_BOUNDARY____RCMS_CONTENT_BOUNDARY____RCMS_CONTENT_BOUNDARY____RCMS_CONTENT_BOUNDARY____RCMS_CONTENT_BOUNDARY____RCMS_CONTENT_BOUNDARY____RCMS_CONTENT_BOUNDARY____RCMS_CONTENT_BOUNDARY__,__RCMS_CONTENT_BOUNDARY____RCMS_CONTENT_BOUNDARY____RCMS_CONTENT_BOUNDARY____RCMS_CONTENT_BOUNDARY____RCMS_CONTENT_BOUNDARY____RCMS_CONTENT_BOUNDARY____RCMS_CONTENT_BOUNDARY____RCMS_CONTENT_BOUNDARY____RCMS_CONTENT_BOUNDARY____RCMS_CONTENT_BOUNDARY____RCMS_CONTENT_BOUNDARY____RCMS_CONTENT_BOUNDARY____RCMS_CONTENT_BOUNDARY____RCMS_CONTENT_BOUNDARY____RCMS_CONTENT_BOUNDARY____RCMS_CONTENT_BOUNDARY____RCMS_CONTENT_BOUNDARY____RCMS_CONTENT_BOUNDARY____RCMS_CONTENT_BOUNDARY____RCMS_CONTENT_BOUNDARY____RCMS_CONTENT_BOUNDARY____RCMS_CONTENT_BOUNDARY____RCMS_CONTENT_BOUNDARY____RCMS_CONTENT_BOUNDARY____RCMS_CONTENT_BOUNDARY____RCMS_CONTENT_BOUNDARY____RCMS_CONTENT_BOUNDARY____RCMS_CONTENT_BOUNDARY____RCMS_CONTENT_BOUNDARY__,__RCMS_CONTENT_BOUNDARY____RCMS_CONTENT_BOUNDARY____RCMS_CONTENT_BOUNDARY____RCMS_CONTENT_BOUNDARY____RCMS_CONTENT_BOUNDARY____RCMS_CONTENT_BOUNDARY____RCMS_CONTENT_BOUNDARY____RCMS_CONTENT_BOUNDARY____RCMS_CONTENT_BOUNDARY____RCMS_CONTENT_BOUNDARY____RCMS_CONTENT_BOUNDARY____RCMS_CONTENT_BOUNDARY____RCMS_CONTENT_BOUNDARY____RCMS_CONTENT_BOUNDARY____RCMS_CONTENT_BOUNDARY____RCMS_CONTENT_BOUNDARY____RCMS_CONTENT_BOUNDARY____RCMS_CONTENT_BOUNDARY____RCMS_CONTENT_BOUNDARY____RCMS_CONTENT_BOUNDARY____RCMS_CONTENT_BOUNDARY____RCMS_CONTENT_BOUNDARY____RCMS_CONTENT_BOUNDARY____RCMS_CONTENT_BOUNDARY____RCMS_CONTENT_BOUNDARY____RCMS_CONTENT_BOUNDARY____RCMS_CONTENT_BOUNDARY____RCMS_CONTENT_BOUNDARY____RCMS_CONTENT_BOUNDARY__,__RCMS_CONTENT_BOUNDARY____RCMS_CONTENT_BOUNDARY____RCMS_CONTENT_BOUNDARY____RCMS_CONTENT_BOUNDARY____RCMS_CONTENT_BOUNDARY____RCMS_CONTENT_BOUNDARY____RCMS_CONTENT_BOUNDARY____RCMS_CONTENT_BOUNDARY____RCMS_CONTENT_BOUNDARY____RCMS_CONTENT_BOUNDARY____RCMS_CONTENT_BOUNDARY____RCMS_CONTENT_BOUNDARY____RCMS_CONTENT_BOUNDARY____RCMS_CONTENT_BOUNDARY____RCMS_CONTENT_BOUNDARY____RCMS_CONTENT_BOUNDARY____RCMS_CONTENT_BOUNDARY____RCMS_CONTENT_BOUNDARY____RCMS_CONTENT_BOUNDARY____RCMS_CONTENT_BOUNDARY____RCMS_CONTENT_BOUNDARY____RCMS_CONTENT_BOUNDARY____RCMS_CONTENT_BOUNDARY____RCMS_CONTENT_BOUNDARY____RCMS_CONTENT_BOUNDARY____RCMS_CONTENT_BOUNDARY____RCMS_CONTENT_BOUNDARY____RCMS_CONTENT_BOUNDARY____RCMS_CONTENT_BOUNDARY__,,0,127106820,488311950,35.310627,135.6393452,2023-01-26 15:46:21.431681+09,2024-02-07 16:24:25.648576+09,1,0,,1161,ja,0,,,,,"観光施設・ガイド,バリアフリー対応,公園,おすすめ"
【DB】Location ロケーション,50558,0892b554-d49c-452c-98d4-160666df58c4,1,100,旅館,都井岬国民宿舎（民営）,,都井岬国民宿舎（民営）,トイミサキコクミンシュクシャ,,45207db5642061962,,45207,888-0221,宮崎県,串間市,宮崎県串間市大字大納42（都井岬）,,宮崎・日南海岸,都井岬国民宿舎（民営）__RCMS_CONTENT_BOUNDARY__都井岬国民宿舎（民営）(予約),0987-76-1000__RCMS_CONTENT_BOUNDARY__0987-76-1000,__RCMS_CONTENT_BOUNDARY__,__RCMS_CONTENT_BOUNDARY____RCMS_CONTENT_BOUNDARY____RCMS_CONTENT_BOUNDARY____RCMS_CONTENT_BOUNDARY__,__RCMS_CONTENT_BOUNDARY____RCMS_CONTENT_BOUNDARY____RCMS_CONTENT_BOUNDARY____RCMS_CONTENT_BOUNDARY__,__RCMS_CONTENT_BOUNDARY____RCMS_CONTENT_BOUNDARY__,null__RCMS_CONTENT_BOUNDARY__null,,-,,,,,,,,,通年ロケーション,,,,,,串間駅 バス 45分,,,,,,宿泊種別：民営国民宿舎,,,,__RCMS_CONTENT_BOUNDARY____RCMS_CONTENT_BOUNDARY____RCMS_CONTENT_BOUNDARY____RCMS_CONTENT_BOUNDARY____RCMS_CONTENT_BOUNDARY____RCMS_CONTENT_BOUNDARY____RCMS_CONTENT_BOUNDARY____RCMS_CONTENT_BOUNDARY____RCMS_CONTENT_BOUNDARY____RCMS_CONTENT_BOUNDARY____RCMS_CONTENT_BOUNDARY____RCMS_CONTENT_BOUNDARY____RCMS_CONTENT_BOUNDARY____RCMS_CONTENT_BOUNDARY____RCMS_CONTENT_BOUNDARY____RCMS_CONTENT_BOUNDARY____RCMS_CONTENT_BOUNDARY____RCMS_CONTENT_BOUNDARY____RCMS_CONTENT_BOUNDARY____RCMS_CONTENT_BOUNDARY____RCMS_CONTENT_BOUNDARY____RCMS_CONTENT_BOUNDARY____RCMS_CONTENT_BOUNDARY____RCMS_CONTENT_BOUNDARY____RCMS_CONTENT_BOUNDARY____RCMS_CONTENT_BOUNDARY____RCMS_CONTENT_BOUNDARY____RCMS_CONTENT_BOUNDARY____RCMS_CONTENT_BOUNDARY__,__RCMS_CONTENT_BOUNDARY____RCMS_CONTENT_BOUNDARY____RCMS_CONTENT_BOUNDARY____RCMS_CONTENT_BOUNDARY____RCMS_CONTENT_BOUNDARY____RCMS_CONTENT_BOUNDARY____RCMS_CONTENT_BOUNDARY____RCMS_CONTENT_BOUNDARY____RCMS_CONTENT_BOUNDARY____RCMS_CONTENT_BOUNDARY____RCMS_CONTENT_BOUNDARY____RCMS_CONTENT_BOUNDARY____RCMS_CONTENT_BOUNDARY____RCMS_CONTENT_BOUNDARY____RCMS_CONTENT_BOUNDARY____RCMS_CONTENT_BOUNDARY____RCMS_CONTENT_BOUNDARY____RCMS_CONTENT_BOUNDARY____RCMS_CONTENT_BOUNDARY____RCMS_CONTENT_BOUNDARY____RCMS_CONTENT_BOUNDARY____RCMS_CONTENT_BOUNDARY____RCMS_CONTENT_BOUNDARY____RCMS_CONTENT_BOUNDARY____RCMS_CONTENT_BOUNDARY____RCMS_CONTENT_BOUNDARY____RCMS_CONTENT_BOUNDARY____RCMS_CONTENT_BOUNDARY____RCMS_CONTENT_BOUNDARY__,__RCMS_CONTENT_BOUNDARY____RCMS_CONTENT_BOUNDARY____RCMS_CONTENT_BOUNDARY____RCMS_CONTENT_BOUNDARY____RCMS_CONTENT_BOUNDARY____RCMS_CONTENT_BOUNDARY____RCMS_CONTENT_BOUNDARY____RCMS_CONTENT_BOUNDARY____RCMS_CONTENT_BOUNDARY____RCMS_CONTENT_BOUNDARY____RCMS_CONTENT_BOUNDARY____RCMS_CONTENT_BOUNDARY____RCMS_CONTENT_BOUNDARY____RCMS_CONTENT_BOUNDARY____RCMS_CONTENT_BOUNDARY____RCMS_CONTENT_BOUNDARY____RCMS_CONTENT_BOUNDARY____RCMS_CONTENT_BOUNDARY____RCMS_CONTENT_BOUNDARY____RCMS_CONTENT_BOUNDARY____RCMS_CONTENT_BOUNDARY____RCMS_CONTENT_BOUNDARY____RCMS_CONTENT_BOUNDARY____RCMS_CONTENT_BOUNDARY____RCMS_CONTENT_BOUNDARY____RCMS_CONTENT_BOUNDARY____RCMS_CONTENT_BOUNDARY____RCMS_CONTENT_BOUNDARY____RCMS_CONTENT_BOUNDARY__,__RCMS_CONTENT_BOUNDARY____RCMS_CONTENT_BOUNDARY____RCMS_CONTENT_BOUNDARY____RCMS_CONTENT_BOUNDARY____RCMS_CONTENT_BOUNDARY____RCMS_CONTENT_BOUNDARY____RCMS_CONTENT_BOUNDARY____RCMS_CONTENT_BOUNDARY____RCMS_CONTENT_BOUNDARY____RCMS_CONTENT_BOUNDARY____RCMS_CONTENT_BOUNDARY____RCMS_CONTENT_BOUNDARY____RCMS_CONTENT_BOUNDARY____RCMS_CONTENT_BOUNDARY____RCMS_CONTENT_BOUNDARY____RCMS_CONTENT_BOUNDARY____RCMS_CONTENT_BOUNDARY____RCMS_CONTENT_BOUNDARY____RCMS_CONTENT_BOUNDARY____RCMS_CONTENT_BOUNDARY____RCMS_CONTENT_BOUNDARY____RCMS_CONTENT_BOUNDARY____RCMS_CONTENT_BOUNDARY____RCMS_CONTENT_BOUNDARY____RCMS_CONTENT_BOUNDARY____RCMS_CONTENT_BOUNDARY____RCMS_CONTENT_BOUNDARY____RCMS_CONTENT_BOUNDARY____RCMS_CONTENT_BOUNDARY__,,0,112906693,472802934,31.366499,131.331813,2022-12-18 19:37:37.628388+09,2024-02-08 09:45:08.645435+09,1,0,,0,ja,0,,,,,"宿泊,旅館・ホテル"
【DB】Location ロケーション,19149,ef10758e-0b10-4d83-bdec-c4bef865ee68,1,100,日帰り温泉施設,ボルべリアダグリ　天然温泉,,ボルべリアダグリ　天然温泉,ボルベリアダグリ　テンネンオンセン,,46221cd2112044969,,46221,899-7101,鹿児島県,志布志市,鹿児島県志布志市志布志町夏井203,,大隅半島・佐多岬,ボルべリアダグリ　天然温泉__RCMS_CONTENT_BOUNDARY__ボルべリアダグリ(予約),099-472-1478__RCMS_CONTENT_BOUNDARY__099-472-1478,099-472-1479__RCMS_CONTENT_BOUNDARY__,__RCMS_CONTENT_BOUNDARY____RCMS_CONTENT_BOUNDARY____RCMS_CONTENT_BOUNDARY____RCMS_CONTENT_BOUNDARY__,__RCMS_CONTENT_BOUNDARY____RCMS_CONTENT_BOUNDARY____RCMS_CONTENT_BOUNDARY____RCMS_CONTENT_BOUNDARY__,__RCMS_CONTENT_BOUNDARY____RCMS_CONTENT_BOUNDARY__,"{""url"":""https://b-daguri.com/"",""title"":""国民宿舎ボルべリアダグリ　天然温泉""}__RCMS_CONTENT_BOUNDARY__null",,大海原を眺めながら入る温泉は「美人の湯」と言われ、県内外からお客様が訪れます。,,,,,,,,,通年ロケーション,,,,,,JR大隅夏井駅 徒歩 15分 0.5km,,,,,,,,,,PATH::19149_ext_6_0.jpg,ダグリ天然温泉,__RCMS_CONTENT_BOUNDARY____RCMS_CONTENT_BOUNDARY____RCMS_CONTENT_BOUNDARY____RCMS_CONTENT_BOUNDARY____RCMS_CONTENT_BOUNDARY____RCMS_CONTENT_BOUNDARY____RCMS_CONTENT_BOUNDARY____RCMS_CONTENT_BOUNDARY____RCMS_CONTENT_BOUNDARY____RCMS_CONTENT_BOUNDARY____RCMS_CONTENT_BOUNDARY____RCMS_CONTENT_BOUNDARY____RCMS_CONTENT_BOUNDARY____RCMS_CONTENT_BOUNDARY____RCMS_CONTENT_BOUNDARY____RCMS_CONTENT_BOUNDARY____RCMS_CONTENT_BOUNDARY____RCMS_CONTENT_BOUNDARY____RCMS_CONTENT_BOUNDARY____RCMS_CONTENT_BOUNDARY____RCMS_CONTENT_BOUNDARY____RCMS_CONTENT_BOUNDARY____RCMS_CONTENT_BOUNDARY____RCMS_CONTENT_BOUNDARY____RCMS_CONTENT_BOUNDARY____RCMS_CONTENT_BOUNDARY____RCMS_CONTENT_BOUNDARY____RCMS_CONTENT_BOUNDARY____RCMS_CONTENT_BOUNDARY__,__RCMS_CONTENT_BOUNDARY____RCMS_CONTENT_BOUNDARY____RCMS_CONTENT_BOUNDARY____RCMS_CONTENT_BOUNDARY____RCMS_CONTENT_BOUNDARY____RCMS_CONTENT_BOUNDARY____RCMS_CONTENT_BOUNDARY____RCMS_CONTENT_BOUNDARY____RCMS_CONTENT_BOUNDARY____RCMS_CONTENT_BOUNDARY____RCMS_CONTENT_BOUNDARY____RCMS_CONTENT_BOUNDARY____RCMS_CONTENT_BOUNDARY____RCMS_CONTENT_BOUNDARY____RCMS_CONTENT_BOUNDARY____RCMS_CONTENT_BOUNDARY____RCMS_CONTENT_BOUNDARY____RCMS_CONTENT_BOUNDARY____RCMS_CONTENT_BOUNDARY____RCMS_CONTENT_BOUNDARY____RCMS_CONTENT_BOUNDARY____RCMS_CONTENT_BOUNDARY____RCMS_CONTENT_BOUNDARY____RCMS_CONTENT_BOUNDARY____RCMS_CONTENT_BOUNDARY____RCMS_CONTENT_BOUNDARY____RCMS_CONTENT_BOUNDARY____RCMS_CONTENT_BOUNDARY____RCMS_CONTENT_BOUNDARY__,,0,113256660,472109250,31.4636999,131.1391064,2022-12-18 19:37:37.628388+09,2024-02-08 09:45:08.645435+09,1,0,,0,ja,0,,,,,"観光施設・ガイド,日帰り温泉・銭湯,温泉"
【DB】Location ロケーション,9564,d1f9461b-0bc6-48df-8b33-0c29cf23dfa7,1,100,民宿,裏磐梯国民宿舎,,裏磐梯国民宿舎,ウラバンダイコクミンシュクシャ,,07402da5632010973,,07402,969-2701,福島県,耶麻郡北塩原村,福島県耶麻郡北塩原村大字桧原字蛇平原山1074,,磐梯・吾妻・福島周辺,裏磐梯国民宿舎__RCMS_CONTENT_BOUNDARY__,0241-32-2923__RCMS_CONTENT_BOUNDARY__,0241-32-3288__RCMS_CONTENT_BOUNDARY__,__RCMS_CONTENT_BOUNDARY____RCMS_CONTENT_BOUNDARY____RCMS_CONTENT_BOUNDARY____RCMS_CONTENT_BOUNDARY__,__RCMS_CONTENT_BOUNDARY____RCMS_CONTENT_BOUNDARY____RCMS_CONTENT_BOUNDARY____RCMS_CONTENT_BOUNDARY__,__RCMS_CONTENT_BOUNDARY__,"{""url"":""http://www.goshikinuma.jp/"",""title"":""裏磐梯国民宿舎""}__RCMS_CONTENT_BOUNDARY__null",,"磐梯朝日国立公園の標高８00ｍに位置する磐梯高原にある宿で、五色沼へは歩いて５分。散策やアウトドアなど四季折々の自然を堪能することができる。
",,,,,,,,,通年ロケーション,,"標準宿泊料金：2人7,140円（税込）〜",,,,"JR磐越西線猪苗代駅 バス 25分
五色沼入口 徒歩 4分
磐越道猪苗代・磐梯高原IC 車 30分 国道１１５号線経由
 猪苗代駅から送迎あり（10名以上、2日前までに要予約）",,,,,,総部屋数：13室、宿泊種別：民営国民宿舎,,,,__RCMS_CONTENT_BOUNDARY____RCMS_CONTENT_BOUNDARY____RCMS_CONTENT_BOUNDARY____RCMS_CONTENT_BOUNDARY____RCMS_CONTENT_BOUNDARY____RCMS_CONTENT_BOUNDARY____RCMS_CONTENT_BOUNDARY____RCMS_CONTENT_BOUNDARY____RCMS_CONTENT_BOUNDARY____RCMS_CONTENT_BOUNDARY____RCMS_CONTENT_BOUNDARY____RCMS_CONTENT_BOUNDARY____RCMS_CONTENT_BOUNDARY____RCMS_CONTENT_BOUNDARY____RCMS_CONTENT_BOUNDARY____RCMS_CONTENT_BOUNDARY____RCMS_CONTENT_BOUNDARY____RCMS_CONTENT_BOUNDARY____RCMS_CONTENT_BOUNDARY____RCMS_CONTENT_BOUNDARY____RCMS_CONTENT_BOUNDARY____RCMS_CONTENT_BOUNDARY____RCMS_CONTENT_BOUNDARY____RCMS_CONTENT_BOUNDARY____RCMS_CONTENT_BOUNDARY____RCMS_CONTENT_BOUNDARY____RCMS_CONTENT_BOUNDARY____RCMS_CONTENT_BOUNDARY____RCMS_CONTENT_BOUNDARY__,__RCMS_CONTENT_BOUNDARY____RCMS_CONTENT_BOUNDARY____RCMS_CONTENT_BOUNDARY____RCMS_CONTENT_BOUNDARY____RCMS_CONTENT_BOUNDARY____RCMS_CONTENT_BOUNDARY____RCMS_CONTENT_BOUNDARY____RCMS_CONTENT_BOUNDARY____RCMS_CONTENT_BOUNDARY____RCMS_CONTENT_BOUNDARY____RCMS_CONTENT_BOUNDARY____RCMS_CONTENT_BOUNDARY____RCMS_CONTENT_BOUNDARY____RCMS_CONTENT_BOUNDARY____RCMS_CONTENT_BOUNDARY____RCMS_CONTENT_BOUNDARY____RCMS_CONTENT_BOUNDARY____RCMS_CONTENT_BOUNDARY____RCMS_CONTENT_BOUNDARY____RCMS_CONTENT_BOUNDARY____RCMS_CONTENT_BOUNDARY____RCMS_CONTENT_BOUNDARY____RCMS_CONTENT_BOUNDARY____RCMS_CONTENT_BOUNDARY____RCMS_CONTENT_BOUNDARY____RCMS_CONTENT_BOUNDARY____RCMS_CONTENT_BOUNDARY____RCMS_CONTENT_BOUNDARY____RCMS_CONTENT_BOUNDARY__,__RCMS_CONTENT_BOUNDARY____RCMS_CONTENT_BOUNDARY____RCMS_CONTENT_BOUNDARY____RCMS_CONTENT_BOUNDARY____RCMS_CONTENT_BOUNDARY____RCMS_CONTENT_BOUNDARY____RCMS_CONTENT_BOUNDARY____RCMS_CONTENT_BOUNDARY____RCMS_CONTENT_BOUNDARY____RCMS_CONTENT_BOUNDARY____RCMS_CONTENT_BOUNDARY____RCMS_CONTENT_BOUNDARY____RCMS_CONTENT_BOUNDARY____RCMS_CONTENT_BOUNDARY____RCMS_CONTENT_BOUNDARY____RCMS_CONTENT_BOUNDARY____RCMS_CONTENT_BOUNDARY____RCMS_CONTENT_BOUNDARY____RCMS_CONTENT_BOUNDARY____RCMS_CONTENT_BOUNDARY____RCMS_CONTENT_BOUNDARY____RCMS_CONTENT_BOUNDARY____RCMS_CONTENT_BOUNDARY____RCMS_CONTENT_BOUNDARY____RCMS_CONTENT_BOUNDARY____RCMS_CONTENT_BOUNDARY____RCMS_CONTENT_BOUNDARY____RCMS_CONTENT_BOUNDARY____RCMS_CONTENT_BOUNDARY__,__RCMS_CONTENT_BOUNDARY____RCMS_CONTENT_BOUNDARY____RCMS_CONTENT_BOUNDARY____RCMS_CONTENT_BOUNDARY____RCMS_CONTENT_BOUNDARY____RCMS_CONTENT_BOUNDARY____RCMS_CONTENT_BOUNDARY____RCMS_CONTENT_BOUNDARY____RCMS_CONTENT_BOUNDARY____RCMS_CONTENT_BOUNDARY____RCMS_CONTENT_BOUNDARY____RCMS_CONTENT_BOUNDARY____RCMS_CONTENT_BOUNDARY____RCMS_CONTENT_BOUNDARY____RCMS_CONTENT_BOUNDARY____RCMS_CONTENT_BOUNDARY____RCMS_CONTENT_BOUNDARY____RCMS_CONTENT_BOUNDARY____RCMS_CONTENT_BOUNDARY____RCMS_CONTENT_BOUNDARY____RCMS_CONTENT_BOUNDARY____RCMS_CONTENT_BOUNDARY____RCMS_CONTENT_BOUNDARY____RCMS_CONTENT_BOUNDARY____RCMS_CONTENT_BOUNDARY____RCMS_CONTENT_BOUNDARY____RCMS_CONTENT_BOUNDARY____RCMS_CONTENT_BOUNDARY____RCMS_CONTENT_BOUNDARY__,,0,135562272,504344203,37.65921,140.0922658,2022-12-14 10:07:37.766805+09,2024-02-08 09:45:08.645435+09,1,0,,0,ja,0,,,,,"駐車場有り,宿泊,民宿・ペンション"
【DB】Location ロケーション,92257,bd8e62c0-4084-4e00-872a-bf9920613aa0,1,100,民宿,国民宿舎　大山ビューハイツ,,国民宿舎　大山ビューハイツ,コクミンシュクシャ　ダイセンビューハイツ,,31386db5648310115,,31386,689-3318,鳥取県,西伯郡大山町,鳥取県西伯郡大山町大山145-7,,米子・大山,国民宿舎　大山ビューハイツ__RCMS_CONTENT_BOUNDARY__,0859-52-2518__RCMS_CONTENT_BOUNDARY__,0859-52-2519__RCMS_CONTENT_BOUNDARY__,__RCMS_CONTENT_BOUNDARY____RCMS_CONTENT_BOUNDARY____RCMS_CONTENT_BOUNDARY____RCMS_CONTENT_BOUNDARY__,__RCMS_CONTENT_BOUNDARY____RCMS_CONTENT_BOUNDARY____RCMS_CONTENT_BOUNDARY____RCMS_CONTENT_BOUNDARY__,__RCMS_CONTENT_BOUNDARY__,"{""url"":""http://www.daisen-vh.com"",""title"":""国民宿舎　大山ビューハイツ""}__RCMS_CONTENT_BOUNDARY__null",,"大山の北壁を間近に、遠く日本海の漁火を眺める高原の宿。全客室にトイレ・洗面・冷暖房を完備。エレベーターや研修・会議・宴会のできるコンベンションスペースなど設備も充実している。周辺には登山、スキー場、体育館なども近く、研修、レジャー、スポーツの基地として最適。

",,,,,,,,,通年ロケーション,,"標準宿泊料金：8,800円（税込）〜",,,,"大山バス停 徒歩 13分
JR伯備線・山陰本線　米子駅 バス 50分 国立公園大山行き
JR伯備線・山陰本線　米子駅 その他 送迎あり
米子自動車道　溝口IC 車 25分 県道45号線桝水高原経由
米子自動車道　米子IC 車 20分 県道24号線経由",,"盲導犬の受け入れ
車椅子対応スロープ
車椅子貸出",,,,総部屋数：19室、宿泊種別：民営国民宿舎,,,,PATH::92257_ext_6_0.jpg,大山ビューハイツ,__RCMS_CONTENT_BOUNDARY____RCMS_CONTENT_BOUNDARY____RCMS_CONTENT_BOUNDARY____RCMS_CONTENT_BOUNDARY____RCMS_CONTENT_BOUNDARY____RCMS_CONTENT_BOUNDARY____RCMS_CONTENT_BOUNDARY____RCMS_CONTENT_BOUNDARY____RCMS_CONTENT_BOUNDARY____RCMS_CONTENT_BOUNDARY____RCMS_CONTENT_BOUNDARY____RCMS_CONTENT_BOUNDARY____RCMS_CONTENT_BOUNDARY____RCMS_CONTENT_BOUNDARY____RCMS_CONTENT_BOUNDARY____RCMS_CONTENT_BOUNDARY____RCMS_CONTENT_BOUNDARY____RCMS_CONTENT_BOUNDARY____RCMS_CONTENT_BOUNDARY____RCMS_CONTENT_BOUNDARY____RCMS_CONTENT_BOUNDARY____RCMS_CONTENT_BOUNDARY____RCMS_CONTENT_BOUNDARY____RCMS_CONTENT_BOUNDARY____RCMS_CONTENT_BOUNDARY____RCMS_CONTENT_BOUNDARY____RCMS_CONTENT_BOUNDARY____RCMS_CONTENT_BOUNDARY____RCMS_CONTENT_BOUNDARY__,__RCMS_CONTENT_BOUNDARY____RCMS_CONTENT_BOUNDARY____RCMS_CONTENT_BOUNDARY____RCMS_CONTENT_BOUNDARY____RCMS_CONTENT_BOUNDARY____RCMS_CONTENT_BOUNDARY____RCMS_CONTENT_BOUNDARY____RCMS_CONTENT_BOUNDARY____RCMS_CONTENT_BOUNDARY____RCMS_CONTENT_BOUNDARY____RCMS_CONTENT_BOUNDARY____RCMS_CONTENT_BOUNDARY____RCMS_CONTENT_BOUNDARY____RCMS_CONTENT_BOUNDARY____RCMS_CONTENT_BOUNDARY____RCMS_CONTENT_BOUNDARY____RCMS_CONTENT_BOUNDARY____RCMS_CONTENT_BOUNDARY____RCMS_CONTENT_BOUNDARY____RCMS_CONTENT_BOUNDARY____RCMS_CONTENT_BOUNDARY____RCMS_CONTENT_BOUNDARY____RCMS_CONTENT_BOUNDARY____RCMS_CONTENT_BOUNDARY____RCMS_CONTENT_BOUNDARY____RCMS_CONTENT_BOUNDARY____RCMS_CONTENT_BOUNDARY____RCMS_CONTENT_BOUNDARY____RCMS_CONTENT_BOUNDARY__,,0,127414320,480739200,35.3959856,133.5359881,2023-01-17 10:44:36.302288+09,2024-02-08 09:45:08.645435+09,1,0,,0,ja,0,,,,,"駐車場有り,宿泊,バリアフリー対応,民宿・ペンション"
【DB】Location ロケーション,130492,172509eb-cc68-461d-a9d0-eb476fe5aa6c,1,10,ホテル等,喜多方グリーンホテル,,喜多方グリーンホテル,キタカタグリーンホテル,,07208dc5660081607,,07208,966-0818,福島県,喜多方市,福島県喜多方市字二丁目4664,,会津,喜多方グリーンホテル__RCMS_CONTENT_BOUNDARY____RCMS_CONTENT_BOUNDARY____RCMS_CONTENT_BOUNDARY____RCMS_CONTENT_BOUNDARY__,0241-22-0011,0241-22-0116,,,,"{""url"":""https://kitakatagreenhotel.com/"",""title"":""喜多方グリーンホテル""}__RCMS_CONTENT_BOUNDARY__null__RCMS_CONTENT_BOUNDARY__null__RCMS_CONTENT_BOUNDARY__null__RCMS_CONTENT_BOUNDARY__null__RCMS_CONTENT_BOUNDARY__null__RCMS_CONTENT_BOUNDARY__null__RCMS_CONTENT_BOUNDARY__null__RCMS_CONTENT_BOUNDARY__null__RCMS_CONTENT_BOUNDARY__null",家族的な雰囲気のホテル,家族的な雰囲気のホテルです。街の中心に位置し、官公庁・飲食店が近く、観光に、ビジネスに最適です。安心してご宿泊いただける喜多方の宿としてご利用くださいませ。,,,,,日付,,,,通年ロケーション,,,"標準宿泊料金 シングル：6600〜 ツイン：11550〜
食事料金：(朝)990円、550円",,,JR喜多方駅 車 3分,駐車場 無料25台,,,,,総部屋数：30室（内訳：シングル24室、ツイン6室）、収容人員：36人,,,,PATH::130492_ext_6_0.jpg__RCMS_CONTENT_BOUNDARY____RCMS_CONTENT_BOUNDARY____RCMS_CONTENT_BOUNDARY____RCMS_CONTENT_BOUNDARY____RCMS_CONTENT_BOUNDARY____RCMS_CONTENT_BOUNDARY____RCMS_CONTENT_BOUNDARY____RCMS_CONTENT_BOUNDARY____RCMS_CONTENT_BOUNDARY____RCMS_CONTENT_BOUNDARY____RCMS_CONTENT_BOUNDARY____RCMS_CONTENT_BOUNDARY____RCMS_CONTENT_BOUNDARY____RCMS_CONTENT_BOUNDARY____RCMS_CONTENT_BOUNDARY____RCMS_CONTENT_BOUNDARY____RCMS_CONTENT_BOUNDARY____RCMS_CONTENT_BOUNDARY____RCMS_CONTENT_BOUNDARY____RCMS_CONTENT_BOUNDARY____RCMS_CONTENT_BOUNDARY____RCMS_CONTENT_BOUNDARY____RCMS_CONTENT_BOUNDARY____RCMS_CONTENT_BOUNDARY____RCMS_CONTENT_BOUNDARY____RCMS_CONTENT_BOUNDARY____RCMS_CONTENT_BOUNDARY____RCMS_CONTENT_BOUNDARY____RCMS_CONTENT_BOUNDARY__,,,,,0,135540980,503551480,37.65329,139.8720843,2023-01-26 15:46:21.431681+09,2024-02-02 10:18:02.009939+09,1,0,,19,ja,0,,,,,"駐車場有り,宿泊,全日本ホテル連盟会員ホテル,旅館・ホテル"
【DB】Location ロケーション,212583,6ff52f3b-92e6-4fd7-8875-ea853df4390c,1,1,伝統工芸品,IKE-CIRCLE　2月前半イベント情報　豊島区伝統工芸 ~シリーズ１~,,江戸提灯(江戸手描提灯）,イケサークル　ニガツゼンハンイベントジョウホウ　 トシマクデントウコウゲイ　エドチョウチン（エドテガキチョウチン）,Hand-Painted Japanese　lantern,,,13116,171-8422,東京都,豊島区,東京都豊島区南池袋,2-45-1,,豊島区役所 文化商工部 文化観光課観光交流グループ__RCMS_CONTENT_BOUNDARY____RCMS_CONTENT_BOUNDARY____RCMS_CONTENT_BOUNDARY____RCMS_CONTENT_BOUNDARY__,03-3981-1316,,,,,"{""url"":""https://www.city.toshima.lg.jp/ike-circle/culture/event/202402_1nd.html"",""title"":""IKE-CIRCLE　2月前半イベント情報""}__RCMS_CONTENT_BOUNDARY__null__RCMS_CONTENT_BOUNDARY__null__RCMS_CONTENT_BOUNDARY__null__RCMS_CONTENT_BOUNDARY__null__RCMS_CONTENT_BOUNDARY__null__RCMS_CONTENT_BOUNDARY__null__RCMS_CONTENT_BOUNDARY__null__RCMS_CONTENT_BOUNDARY__null__RCMS_CONTENT_BOUNDARY__null",文字が伝える想い江戸手描提灯,"≪江戸手描提灯≫
江戸提灯の最大の特徴は、火袋に描かれる意匠(デザイン)が全て「手描き」であるということです。
竹ひごを幾重にも重ね、表面がでこぼことした丸い形状の提灯に、様々な文字、家紋、デザインを自在に描く技こそ、江戸提灯の最大の魅力であり特徴です。
さらに、お客様の注文に応えるためには、様々な文字、家紋や紋章など、何でも書くことのできる膨大な知識の習得が欠かせません。
※火袋…提灯の明かりが灯る、表面のところ

≪伝統の技≫
伝統工芸や伝統の技と呼ばれるものは数多くありますが、正式に国の伝統工芸と指定し振興支援、保護の対象とされているものは、236品目（2021.1.15.現在）
東京都で指定されているものは、41品目。この41品目が全て国の指定を受けているわけではなく、国の指定と重複して認められているものはその内17品目のみ。
豊島区工芸保存会に所属される職種のほとんどが東京都の伝統工芸として指定されていますが、国の指定を受けているのは「東京手描友禅」「江戸べっ甲」のわずか2品目のみです。
江戸提灯は東京都の指定を受けていますが、その指定を受けるために大変な苦労を伴いました。
江戸提灯ではなく「江戸手描提灯」と称して指定されているのは、手描きの技にこそ伝統的特徴があり指定に足る理由があるとして「手描」を加えた名称で東京都の指定文化財に指定されました。

豊島区には、江戸提灯の親方がお二人、在籍されています。
「瀧澤提灯店」瀧澤光雄さんと「はや川提灯店」早川福男さん。お二人とも三代目を継がれる工芸士です。年代も違えば、修行の道も違うお二人ですが、共通するのは「手描きの文字に想いを込めて制作されている」ことです。
手描きで一つ一つ仕上げられる江戸提灯。想いを伝える力と独特の温もりを湛えた柔らかな明かりの世界をご紹介いたします。",,,,,,,,,通年ロケーション,,,,,,,,,,,,,,,,"PATH::212583_ext_6_0.jpg
はや川提灯店は、狩野派（画号：狩野光洋）の画家でもあった先々代が明治の中頃から始めた家業で、それ以前は、日本橋でろうそく問屋を営んでいました。初代の頃は弟子も5〜6人居て、提灯だけでなく、和傘・百貨店の垂れ幕や賞状の筆耕、松竹歌劇団の本拠地であり東京を代表する劇場だった浅草国際劇場の仕事などされていたそうです。__RCMS_CONTENT_BOUNDARY__PATH::212583_ext_6_1.jpg
長年文字を描くことに携わっていても手描きには、言葉を訴える力、印刷では味わえない良さがあり、納得いくものはなかなかできないそうです。__RCMS_CONTENT_BOUNDARY__PATH::212583_ext_6_2.jpg
「手はとても正直。正月だからって休暇を取ればダメになっちゃう。感を取り戻す事は簡単じゃないんだ。そうやって山程の数をこなしていく中で、だんだん自分の好みやアレンジを利かせたものを作っていくことが出来るようになるのは楽しい。」「伝統工芸は衰退してきているけれど、その中では提灯屋はいい方かもしれない。冠婚葬祭の行事があるから。それでも昔よりもずっと仕事は少なくなってきている。伝統っていうのは無くなったら復活できないものだから、そういうことをもっと訴えていきたい!!」と早川さんはおっしゃいました。__RCMS_CONTENT_BOUNDARY__PATH::212583_ext_6_3.jpg
≪平成24年東京マイスター知事賞≫
瀧澤さんは、御祖父様の代から三代目となる提灯師であり、大提灯の提灯本体の制作から文字入れ仕上げまで制作することができる今では数少ない職人のお一人です。

身延山の頂上にある七面山敬慎院（山梨県）の本堂に納められている大提灯は、瀧澤さんと先代であるお父様と２代に渡っての作品です

墨は提灯に欠かせない素材でありながら、その扱いの難しさから現代では、扱いの楽なカーボンブラックなどが用いられることが主流となってしまい、墨だけを使って制作するという職人は、現在東京では2人、その一人の瀧澤さんは、全国的にも極めて貴重な技を持つ名匠でいらっしゃいます。__RCMS_CONTENT_BOUNDARY__PATH::212583_ext_6_4.jpg
ポスターカラーを使用せず墨で書くのは、ポスターカラーは科学的な塗料を使用しているので時間が経つと和紙が傷んで柔軟性がなくなり簾みたいに、ボロボロになる、そういうのはちょっと違うと思う、いつまでも持つ提灯がいい。」
 「年中だすものはビニールがいいが、時々使用し長く持たせるなら和紙に墨！油ひけば丈夫だと思っている人が多いが絶対だめ。油ひいたのを渡せば、すぐ傷んで修理で商売ができるが、それはやりたくない、長く使ってもらえる提灯をつくる仕事がしたい。」
と瀧澤さんはおっしゃいました。__RCMS_CONTENT_BOUNDARY__PATH::212583_ext_6_5.jpg
墨擦り三年、描き八年、提灯屋になるには10年は掛かるといわれ、修行に入られたばかりの時は墨擦りが第一の仕事だったそうです。
「10年目位から納得される文字を体得するのに無我夢中でここまできた。物事を修得することは簡単なことじゃない。」と瀧澤さんはおっしゃいました。__RCMS_CONTENT_BOUNDARY____RCMS_CONTENT_BOUNDARY____RCMS_CONTENT_BOUNDARY____RCMS_CONTENT_BOUNDARY____RCMS_CONTENT_BOUNDARY____RCMS_CONTENT_BOUNDARY____RCMS_CONTENT_BOUNDARY____RCMS_CONTENT_BOUNDARY____RCMS_CONTENT_BOUNDARY____RCMS_CONTENT_BOUNDARY____RCMS_CONTENT_BOUNDARY____RCMS_CONTENT_BOUNDARY____RCMS_CONTENT_BOUNDARY____RCMS_CONTENT_BOUNDARY____RCMS_CONTENT_BOUNDARY____RCMS_CONTENT_BOUNDARY____RCMS_CONTENT_BOUNDARY____RCMS_CONTENT_BOUNDARY____RCMS_CONTENT_BOUNDARY____RCMS_CONTENT_BOUNDARY____RCMS_CONTENT_BOUNDARY____RCMS_CONTENT_BOUNDARY____RCMS_CONTENT_BOUNDARY____RCMS_CONTENT_BOUNDARY__",__RCMS_CONTENT_BOUNDARY____RCMS_CONTENT_BOUNDARY____RCMS_CONTENT_BOUNDARY____RCMS_CONTENT_BOUNDARY____RCMS_CONTENT_BOUNDARY__,__RCMS_CONTENT_BOUNDARY____RCMS_CONTENT_BOUNDARY____RCMS_CONTENT_BOUNDARY____RCMS_CONTENT_BOUNDARY____RCMS_CONTENT_BOUNDARY__,__RCMS_CONTENT_BOUNDARY____RCMS_CONTENT_BOUNDARY____RCMS_CONTENT_BOUNDARY____RCMS_CONTENT_BOUNDARY____RCMS_CONTENT_BOUNDARY__,,0,,,,,2024-01-18 14:55:08.337364+09,2024-02-03 07:39:42.313691+09,1,1,,691,ja,0,,,,,"お祭り・伝統行事,伝統工芸・手仕事,伝統技術・ものづくり,伝統工芸・ものづくり"
【DB】Location ロケーション,55305,e9841c38-76d9-469c-8939-48100dd4e5a2,1,0,その他名所,神戸駅（わたらせ渓谷鐵道）,,神戸駅（わたらせ渓谷鐵道）,ゴウドエキワタラセケイコクテツドウ,,10212aj2202045807,,10212,376-0304,群馬県,みどり市,群馬県みどり市東町神戸886-1,,前橋・赤城,列車のレストラン清流__RCMS_CONTENT_BOUNDARY__わたらせ渓谷鐵道(株)__RCMS_CONTENT_BOUNDARY____RCMS_CONTENT_BOUNDARY____RCMS_CONTENT_BOUNDARY__,0277-97-3681__RCMS_CONTENT_BOUNDARY__0277-73-2110,__RCMS_CONTENT_BOUNDARY__,__RCMS_CONTENT_BOUNDARY__,__RCMS_CONTENT_BOUNDARY__,__RCMS_CONTENT_BOUNDARY__,"{""url"":""http://www.watetsu.com/"",""title"":""神戸駅（わたらせ渓谷鐵道）""}__RCMS_CONTENT_BOUNDARY__null__RCMS_CONTENT_BOUNDARY__null__RCMS_CONTENT_BOUNDARY__null__RCMS_CONTENT_BOUNDARY__null__RCMS_CONTENT_BOUNDARY__null__RCMS_CONTENT_BOUNDARY__null__RCMS_CONTENT_BOUNDARY__null__RCMS_CONTENT_BOUNDARY__null__RCMS_CONTENT_BOUNDARY__null",,"旧足尾鉄道・国鉄足尾線当時は、兵庫県の神戸（こうべ）駅との名前の混乱をさけるため「神土（ごうど）駅」とされていましたが、わたらせ渓谷鐵道の開業にともなって駅名である地名の「神戸（ごうど）駅」に改称されました。神戸駅は春には桜と花桃のトンネルが列車を迎えてくれます。
また、上りホーム側には列車を利用したレストラン清流があり、舞茸定食やそばなどを楽しめます。（お弁当や団体の食事は要事前予約）",,,,,,,,"列車のレストラン　清流
営業時間／11:00〜16:00
定休日／12月〜3月の月曜（祝日の場合は翌日）",通年ロケーション,,,,,,,,,,,,,,,,"PATH::55305_ext_6_0.jpg__RCMS_CONTENT_BOUNDARY__PATH::55305_ext_6_1.jpg
列車のレストラン清流__RCMS_CONTENT_BOUNDARY____RCMS_CONTENT_BOUNDARY____RCMS_CONTENT_BOUNDARY____RCMS_CONTENT_BOUNDARY____RCMS_CONTENT_BOUNDARY____RCMS_CONTENT_BOUNDARY____RCMS_CONTENT_BOUNDARY____RCMS_CONTENT_BOUNDARY____RCMS_CONTENT_BOUNDARY____RCMS_CONTENT_BOUNDARY____RCMS_CONTENT_BOUNDARY____RCMS_CONTENT_BOUNDARY____RCMS_CONTENT_BOUNDARY____RCMS_CONTENT_BOUNDARY____RCMS_CONTENT_BOUNDARY____RCMS_CONTENT_BOUNDARY____RCMS_CONTENT_BOUNDARY____RCMS_CONTENT_BOUNDARY____RCMS_CONTENT_BOUNDARY____RCMS_CONTENT_BOUNDARY____RCMS_CONTENT_BOUNDARY____RCMS_CONTENT_BOUNDARY____RCMS_CONTENT_BOUNDARY____RCMS_CONTENT_BOUNDARY____RCMS_CONTENT_BOUNDARY____RCMS_CONTENT_BOUNDARY____RCMS_CONTENT_BOUNDARY____RCMS_CONTENT_BOUNDARY__",神戸駅「花桃」__RCMS_CONTENT_BOUNDARY__,__RCMS_CONTENT_BOUNDARY__,__RCMS_CONTENT_BOUNDARY__,,0,131523606,501695150,36.5374664,139.3565297,2022-12-18 19:37:37.628388+09,2024-02-07 15:42:56.314339+09,1,0,,532,ja,0,,,,,"トイレ有り,観光施設・ガイド,スポット・体験,国指定文化財,花・植物,展望・ビューポイント,郷土料理・ご当地グルメ,蕎麦・うどん"
【DB】Location ロケーション,30923,ae4b9506-e4d5-429a-b44c-41fb3bafddb1,1,0,その他名所,天の岩戸（恵利原の水穴）,,天の岩戸（恵利原の水穴）,アマノイワト（エリハラノミズアナ）,,24525aj2200130269,,24215,517-0209,三重県,志摩市,三重県志摩市磯部町恵利原,,鳥羽・志摩,志摩市観光案内所__RCMS_CONTENT_BOUNDARY____RCMS_CONTENT_BOUNDARY____RCMS_CONTENT_BOUNDARY____RCMS_CONTENT_BOUNDARY__,0599-46-0570__RCMS_CONTENT_BOUNDARY____RCMS_CONTENT_BOUNDARY____RCMS_CONTENT_BOUNDARY____RCMS_CONTENT_BOUNDARY__,0599-46-1113__RCMS_CONTENT_BOUNDARY____RCMS_CONTENT_BOUNDARY____RCMS_CONTENT_BOUNDARY____RCMS_CONTENT_BOUNDARY__,__RCMS_CONTENT_BOUNDARY____RCMS_CONTENT_BOUNDARY____RCMS_CONTENT_BOUNDARY____RCMS_CONTENT_BOUNDARY__,__RCMS_CONTENT_BOUNDARY____RCMS_CONTENT_BOUNDARY____RCMS_CONTENT_BOUNDARY____RCMS_CONTENT_BOUNDARY__,info@kanko-shima.com__RCMS_CONTENT_BOUNDARY____RCMS_CONTENT_BOUNDARY____RCMS_CONTENT_BOUNDARY____RCMS_CONTENT_BOUNDARY__,"{""url"":""https://www.kanko-shima.com/purpose/1990/"",""title"":""天の岩戸""}__RCMS_CONTENT_BOUNDARY__{""url"":"""",""title"":""""}__RCMS_CONTENT_BOUNDARY__{""url"":"""",""title"":""""}__RCMS_CONTENT_BOUNDARY__{""url"":"""",""title"":""""}__RCMS_CONTENT_BOUNDARY__{""url"":"""",""title"":""""}__RCMS_CONTENT_BOUNDARY__{""url"":"""",""title"":""""}__RCMS_CONTENT_BOUNDARY__{""url"":"""",""title"":""""}__RCMS_CONTENT_BOUNDARY__{""url"":"""",""title"":""""}__RCMS_CONTENT_BOUNDARY__{""url"":"""",""title"":""""}__RCMS_CONTENT_BOUNDARY__{""url"":"""",""title"":""""}",,"志摩半島のほぼ中央、逢坂山中腹の恵利原地区に湧き出ている。日量31,000ｔ、常温14度。杉林の斜面の湧出口は、直径50ｃmほどの洞窟で、奥行きは約10ｋm北西の伊勢神宮に届くという説も。平成27年３月に実施した日本名水百選では「秘境として素晴らしい名水部門」で4位に選ばれた。",,照明設備が無いため、日暮れ後は注意が必要,2023-01-01T00:00:00+09:00,2023-12-31T00:00:00+09:00,日付,,,,通年ロケーション,,,,,,"公共交通機関：三重交通「天の岩戸口」下車　徒歩20分
車：伊勢自動車道伊勢西I.C.から伊勢道路（県道32号線）経由で約20分

カーナビに「天の岩戸（恵利原の風穴）」を入力してください。
県道32号線（伊勢道路）沿いにある三重交通バス停「天の岩戸口」付近の石の鳥居をくぐり約2km直進（約5分）。","駐車場あり(無料)
大型バスの進入不可",,,,,,,,,PATH::30923_ext_6_0.jpg__RCMS_CONTENT_BOUNDARY____RCMS_CONTENT_BOUNDARY____RCMS_CONTENT_BOUNDARY____RCMS_CONTENT_BOUNDARY____RCMS_CONTENT_BOUNDARY____RCMS_CONTENT_BOUNDARY____RCMS_CONTENT_BOUNDARY____RCMS_CONTENT_BOUNDARY____RCMS_CONTENT_BOUNDARY____RCMS_CONTENT_BOUNDARY____RCMS_CONTENT_BOUNDARY____RCMS_CONTENT_BOUNDARY____RCMS_CONTENT_BOUNDARY____RCMS_CONTENT_BOUNDARY____RCMS_CONTENT_BOUNDARY____RCMS_CONTENT_BOUNDARY____RCMS_CONTENT_BOUNDARY____RCMS_CONTENT_BOUNDARY____RCMS_CONTENT_BOUNDARY____RCMS_CONTENT_BOUNDARY____RCMS_CONTENT_BOUNDARY____RCMS_CONTENT_BOUNDARY____RCMS_CONTENT_BOUNDARY____RCMS_CONTENT_BOUNDARY____RCMS_CONTENT_BOUNDARY____RCMS_CONTENT_BOUNDARY____RCMS_CONTENT_BOUNDARY____RCMS_CONTENT_BOUNDARY____RCMS_CONTENT_BOUNDARY__,__RCMS_CONTENT_BOUNDARY____RCMS_CONTENT_BOUNDARY____RCMS_CONTENT_BOUNDARY____RCMS_CONTENT_BOUNDARY____RCMS_CONTENT_BOUNDARY____RCMS_CONTENT_BOUNDARY____RCMS_CONTENT_BOUNDARY____RCMS_CONTENT_BOUNDARY____RCMS_CONTENT_BOUNDARY____RCMS_CONTENT_BOUNDARY____RCMS_CONTENT_BOUNDARY____RCMS_CONTENT_BOUNDARY____RCMS_CONTENT_BOUNDARY____RCMS_CONTENT_BOUNDARY____RCMS_CONTENT_BOUNDARY____RCMS_CONTENT_BOUNDARY____RCMS_CONTENT_BOUNDARY____RCMS_CONTENT_BOUNDARY____RCMS_CONTENT_BOUNDARY____RCMS_CONTENT_BOUNDARY____RCMS_CONTENT_BOUNDARY____RCMS_CONTENT_BOUNDARY____RCMS_CONTENT_BOUNDARY____RCMS_CONTENT_BOUNDARY____RCMS_CONTENT_BOUNDARY____RCMS_CONTENT_BOUNDARY____RCMS_CONTENT_BOUNDARY____RCMS_CONTENT_BOUNDARY____RCMS_CONTENT_BOUNDARY__,__RCMS_CONTENT_BOUNDARY____RCMS_CONTENT_BOUNDARY____RCMS_CONTENT_BOUNDARY____RCMS_CONTENT_BOUNDARY____RCMS_CONTENT_BOUNDARY____RCMS_CONTENT_BOUNDARY____RCMS_CONTENT_BOUNDARY____RCMS_CONTENT_BOUNDARY____RCMS_CONTENT_BOUNDARY____RCMS_CONTENT_BOUNDARY____RCMS_CONTENT_BOUNDARY____RCMS_CONTENT_BOUNDARY____RCMS_CONTENT_BOUNDARY____RCMS_CONTENT_BOUNDARY____RCMS_CONTENT_BOUNDARY____RCMS_CONTENT_BOUNDARY____RCMS_CONTENT_BOUNDARY____RCMS_CONTENT_BOUNDARY____RCMS_CONTENT_BOUNDARY____RCMS_CONTENT_BOUNDARY____RCMS_CONTENT_BOUNDARY____RCMS_CONTENT_BOUNDARY____RCMS_CONTENT_BOUNDARY____RCMS_CONTENT_BOUNDARY____RCMS_CONTENT_BOUNDARY____RCMS_CONTENT_BOUNDARY____RCMS_CONTENT_BOUNDARY____RCMS_CONTENT_BOUNDARY____RCMS_CONTENT_BOUNDARY__,__RCMS_CONTENT_BOUNDARY____RCMS_CONTENT_BOUNDARY____RCMS_CONTENT_BOUNDARY____RCMS_CONTENT_BOUNDARY____RCMS_CONTENT_BOUNDARY____RCMS_CONTENT_BOUNDARY____RCMS_CONTENT_BOUNDARY____RCMS_CONTENT_BOUNDARY____RCMS_CONTENT_BOUNDARY____RCMS_CONTENT_BOUNDARY____RCMS_CONTENT_BOUNDARY____RCMS_CONTENT_BOUNDARY____RCMS_CONTENT_BOUNDARY____RCMS_CONTENT_BOUNDARY____RCMS_CONTENT_BOUNDARY____RCMS_CONTENT_BOUNDARY____RCMS_CONTENT_BOUNDARY____RCMS_CONTENT_BOUNDARY____RCMS_CONTENT_BOUNDARY____RCMS_CONTENT_BOUNDARY____RCMS_CONTENT_BOUNDARY____RCMS_CONTENT_BOUNDARY____RCMS_CONTENT_BOUNDARY____RCMS_CONTENT_BOUNDARY____RCMS_CONTENT_BOUNDARY____RCMS_CONTENT_BOUNDARY____RCMS_CONTENT_BOUNDARY____RCMS_CONTENT_BOUNDARY____RCMS_CONTENT_BOUNDARY__,,0,123849650,492364030,34.405987,136.7648566,2022-12-18 19:37:37.628388+09,2024-02-06 15:36:19.808577+09,1,0,,1110,ja,0,,,,,"スポット・体験,その他名所"
【DB】Location ロケーション,118981,0e4bb1ce-d3cc-4fc7-9fbe-af806fa0875c,1,0,キャンプ場,飛くずれキャンプ場,,飛くずれキャンプ場,トビノクズレキャンプジョウ,,05214ca3439709148,,05214,018-0301,秋田県,にかほ市,秋田県にかほ市飛字飛ケ崎138,,鳥海山,にかほ市役所観光課__RCMS_CONTENT_BOUNDARY____RCMS_CONTENT_BOUNDARY____RCMS_CONTENT_BOUNDARY____RCMS_CONTENT_BOUNDARY__,0184-43-3230,0184-43-3239,,,,"{""url"":"""",""title"":""""}__RCMS_CONTENT_BOUNDARY__null__RCMS_CONTENT_BOUNDARY__null__RCMS_CONTENT_BOUNDARY__null__RCMS_CONTENT_BOUNDARY__null__RCMS_CONTENT_BOUNDARY__null__RCMS_CONTENT_BOUNDARY__null__RCMS_CONTENT_BOUNDARY__null__RCMS_CONTENT_BOUNDARY__null__RCMS_CONTENT_BOUNDARY__null",,"・4月上旬~10月下旬
・設備：トイレ／炊事場　※ただし、１１月下旬〜４月上旬まではトイレが使用できません。
・お風呂は車で１０分くらいの道の駅象潟「ねむの丘」の展望温泉がおススメ。夜９時まで営業。",,,,,日付,,,休業 11月上旬〜4月上旬,通年ロケーション,,,,,,,,,,,,,,,,__RCMS_CONTENT_BOUNDARY____RCMS_CONTENT_BOUNDARY____RCMS_CONTENT_BOUNDARY____RCMS_CONTENT_BOUNDARY____RCMS_CONTENT_BOUNDARY____RCMS_CONTENT_BOUNDARY____RCMS_CONTENT_BOUNDARY____RCMS_CONTENT_BOUNDARY____RCMS_CONTENT_BOUNDARY____RCMS_CONTENT_BOUNDARY____RCMS_CONTENT_BOUNDARY____RCMS_CONTENT_BOUNDARY____RCMS_CONTENT_BOUNDARY____RCMS_CONTENT_BOUNDARY____RCMS_CONTENT_BOUNDARY____RCMS_CONTENT_BOUNDARY____RCMS_CONTENT_BOUNDARY____RCMS_CONTENT_BOUNDARY____RCMS_CONTENT_BOUNDARY____RCMS_CONTENT_BOUNDARY____RCMS_CONTENT_BOUNDARY____RCMS_CONTENT_BOUNDARY____RCMS_CONTENT_BOUNDARY____RCMS_CONTENT_BOUNDARY____RCMS_CONTENT_BOUNDARY____RCMS_CONTENT_BOUNDARY____RCMS_CONTENT_BOUNDARY____RCMS_CONTENT_BOUNDARY____RCMS_CONTENT_BOUNDARY__,,,,,0,141345615,503694661,39.2654996,139.9117984,2023-01-26 15:46:21.431681+09,2024-02-14 09:01:57.576211+09,1,0,,339,ja,0,,,,,"観光施設・ガイド,キャンプ場・BBQ"
【DB】Location ロケーション,168091,9b231d05-43da-48ba-bb40-dae1b74e59ba,1,0,ショップ,マルヤ水産,,マルヤ水産,マルヤスイサン,,17206ga3552063278,,17206,922-0552,石川県,加賀市,石川県加賀市田尻町浜山2-11,,加賀温泉郷,マルヤ水産__RCMS_CONTENT_BOUNDARY__問合せ先__RCMS_CONTENT_BOUNDARY____RCMS_CONTENT_BOUNDARY____RCMS_CONTENT_BOUNDARY__,0761-75-2013__RCMS_CONTENT_BOUNDARY__0761-75-2013__RCMS_CONTENT_BOUNDARY____RCMS_CONTENT_BOUNDARY____RCMS_CONTENT_BOUNDARY__,0761-75-1620__RCMS_CONTENT_BOUNDARY__0761-75-1620__RCMS_CONTENT_BOUNDARY____RCMS_CONTENT_BOUNDARY____RCMS_CONTENT_BOUNDARY__,__RCMS_CONTENT_BOUNDARY____RCMS_CONTENT_BOUNDARY____RCMS_CONTENT_BOUNDARY____RCMS_CONTENT_BOUNDARY__,__RCMS_CONTENT_BOUNDARY____RCMS_CONTENT_BOUNDARY____RCMS_CONTENT_BOUNDARY____RCMS_CONTENT_BOUNDARY__,__RCMS_CONTENT_BOUNDARY____RCMS_CONTENT_BOUNDARY____RCMS_CONTENT_BOUNDARY____RCMS_CONTENT_BOUNDARY__,"{""url"":""http://www.maruya-suisan.com/"",""title"":""マルヤ水産""}__RCMS_CONTENT_BOUNDARY__{""url"":"""",""title"":""""}__RCMS_CONTENT_BOUNDARY__{""url"":"""",""title"":""""}__RCMS_CONTENT_BOUNDARY__{""url"":"""",""title"":""""}__RCMS_CONTENT_BOUNDARY__{""url"":"""",""title"":""""}__RCMS_CONTENT_BOUNDARY__{""url"":"""",""title"":""""}__RCMS_CONTENT_BOUNDARY__{""url"":"""",""title"":""""}__RCMS_CONTENT_BOUNDARY__{""url"":"""",""title"":""""}__RCMS_CONTENT_BOUNDARY__{""url"":"""",""title"":""""}__RCMS_CONTENT_BOUNDARY__{""url"":"""",""title"":""""}",,"加賀橋立港の目前に位置し、地元 橋立港の鮮魚、蟹などの海産物を中心に販売。

※2024年２月、マルヤ水産の2階にある「活鮮しんとく」は土日祝のみの営業となります。平日は全日休業です。ご注意ください
（マルヤ水産は平日も営業します※但し第２・４火曜と毎週水曜日は休み）

【営業時間】9:00〜17:00 
【定  休  日】水曜日（ 祝日の場合は営業）　※水のほか月2回不定休あり",,,2023-01-01T00:00:00+09:00,2023-12-31T00:00:00+09:00,日付,,,"【営業時間】9:00〜17:00
【定  休  日】水曜日（ 祝日の場合は営業）　※水のほか月2回不定休あり",通年ロケーション,なし,,,,,"北陸自動車道片山津IC から車で約7分 4.6km
JR加賀温泉駅 周遊バスキャンバス海まわり線で28分「橋立漁港」バス停からすぐ（帰り26分）",無料。乗用車10台,,,,,,,,,__RCMS_CONTENT_BOUNDARY____RCMS_CONTENT_BOUNDARY____RCMS_CONTENT_BOUNDARY____RCMS_CONTENT_BOUNDARY____RCMS_CONTENT_BOUNDARY____RCMS_CONTENT_BOUNDARY____RCMS_CONTENT_BOUNDARY____RCMS_CONTENT_BOUNDARY____RCMS_CONTENT_BOUNDARY____RCMS_CONTENT_BOUNDARY____RCMS_CONTENT_BOUNDARY____RCMS_CONTENT_BOUNDARY____RCMS_CONTENT_BOUNDARY____RCMS_CONTENT_BOUNDARY____RCMS_CONTENT_BOUNDARY____RCMS_CONTENT_BOUNDARY____RCMS_CONTENT_BOUNDARY____RCMS_CONTENT_BOUNDARY____RCMS_CONTENT_BOUNDARY____RCMS_CONTENT_BOUNDARY____RCMS_CONTENT_BOUNDARY____RCMS_CONTENT_BOUNDARY____RCMS_CONTENT_BOUNDARY____RCMS_CONTENT_BOUNDARY____RCMS_CONTENT_BOUNDARY____RCMS_CONTENT_BOUNDARY____RCMS_CONTENT_BOUNDARY____RCMS_CONTENT_BOUNDARY____RCMS_CONTENT_BOUNDARY__,__RCMS_CONTENT_BOUNDARY____RCMS_CONTENT_BOUNDARY____RCMS_CONTENT_BOUNDARY____RCMS_CONTENT_BOUNDARY____RCMS_CONTENT_BOUNDARY____RCMS_CONTENT_BOUNDARY____RCMS_CONTENT_BOUNDARY____RCMS_CONTENT_BOUNDARY____RCMS_CONTENT_BOUNDARY____RCMS_CONTENT_BOUNDARY____RCMS_CONTENT_BOUNDARY____RCMS_CONTENT_BOUNDARY____RCMS_CONTENT_BOUNDARY____RCMS_CONTENT_BOUNDARY____RCMS_CONTENT_BOUNDARY____RCMS_CONTENT_BOUNDARY____RCMS_CONTENT_BOUNDARY____RCMS_CONTENT_BOUNDARY____RCMS_CONTENT_BOUNDARY____RCMS_CONTENT_BOUNDARY____RCMS_CONTENT_BOUNDARY____RCMS_CONTENT_BOUNDARY____RCMS_CONTENT_BOUNDARY____RCMS_CONTENT_BOUNDARY____RCMS_CONTENT_BOUNDARY____RCMS_CONTENT_BOUNDARY____RCMS_CONTENT_BOUNDARY____RCMS_CONTENT_BOUNDARY____RCMS_CONTENT_BOUNDARY__,__RCMS_CONTENT_BOUNDARY____RCMS_CONTENT_BOUNDARY____RCMS_CONTENT_BOUNDARY____RCMS_CONTENT_BOUNDARY____RCMS_CONTENT_BOUNDARY____RCMS_CONTENT_BOUNDARY____RCMS_CONTENT_BOUNDARY____RCMS_CONTENT_BOUNDARY____RCMS_CONTENT_BOUNDARY____RCMS_CONTENT_BOUNDARY____RCMS_CONTENT_BOUNDARY____RCMS_CONTENT_BOUNDARY____RCMS_CONTENT_BOUNDARY____RCMS_CONTENT_BOUNDARY____RCMS_CONTENT_BOUNDARY____RCMS_CONTENT_BOUNDARY____RCMS_CONTENT_BOUNDARY____RCMS_CONTENT_BOUNDARY____RCMS_CONTENT_BOUNDARY____RCMS_CONTENT_BOUNDARY____RCMS_CONTENT_BOUNDARY____RCMS_CONTENT_BOUNDARY____RCMS_CONTENT_BOUNDARY____RCMS_CONTENT_BOUNDARY____RCMS_CONTENT_BOUNDARY____RCMS_CONTENT_BOUNDARY____RCMS_CONTENT_BOUNDARY____RCMS_CONTENT_BOUNDARY____RCMS_CONTENT_BOUNDARY__,__RCMS_CONTENT_BOUNDARY____RCMS_CONTENT_BOUNDARY____RCMS_CONTENT_BOUNDARY____RCMS_CONTENT_BOUNDARY____RCMS_CONTENT_BOUNDARY____RCMS_CONTENT_BOUNDARY____RCMS_CONTENT_BOUNDARY____RCMS_CONTENT_BOUNDARY____RCMS_CONTENT_BOUNDARY____RCMS_CONTENT_BOUNDARY____RCMS_CONTENT_BOUNDARY____RCMS_CONTENT_BOUNDARY____RCMS_CONTENT_BOUNDARY____RCMS_CONTENT_BOUNDARY____RCMS_CONTENT_BOUNDARY____RCMS_CONTENT_BOUNDARY____RCMS_CONTENT_BOUNDARY____RCMS_CONTENT_BOUNDARY____RCMS_CONTENT_BOUNDARY____RCMS_CONTENT_BOUNDARY____RCMS_CONTENT_BOUNDARY____RCMS_CONTENT_BOUNDARY____RCMS_CONTENT_BOUNDARY____RCMS_CONTENT_BOUNDARY____RCMS_CONTENT_BOUNDARY____RCMS_CONTENT_BOUNDARY____RCMS_CONTENT_BOUNDARY____RCMS_CONTENT_BOUNDARY____RCMS_CONTENT_BOUNDARY__,,0,130857855,490753468,36.3524795,136.3174908,2023-02-03 14:26:03.44985+09,2024-02-04 14:00:51.743049+09,1,0,,825,ja,0,,,,,"駐車場有り,おみやげ,ショップ"
【DB】Location ロケーション,187745,b143a281-af98-49b9-a48e-ab4a41ca1565,1,0,ハイキングコース,ニセコ湖沼めぐりハイキングコース,,ニセコ湖沼めぐりハイキングコース（北海道共和町）,ニセココショウメグリハイキングコース,,01395cb3400105062,,01401,,北海道,岩内郡共和町,北海道岩内郡共和町,,小樽・積丹・ニセコ,共和町産業課商工観光室商工観光係__RCMS_CONTENT_BOUNDARY____RCMS_CONTENT_BOUNDARY____RCMS_CONTENT_BOUNDARY____RCMS_CONTENT_BOUNDARY__,0135-67-8778__RCMS_CONTENT_BOUNDARY____RCMS_CONTENT_BOUNDARY____RCMS_CONTENT_BOUNDARY____RCMS_CONTENT_BOUNDARY__,0135-73-2577__RCMS_CONTENT_BOUNDARY____RCMS_CONTENT_BOUNDARY____RCMS_CONTENT_BOUNDARY____RCMS_CONTENT_BOUNDARY__,__RCMS_CONTENT_BOUNDARY____RCMS_CONTENT_BOUNDARY____RCMS_CONTENT_BOUNDARY____RCMS_CONTENT_BOUNDARY__,__RCMS_CONTENT_BOUNDARY____RCMS_CONTENT_BOUNDARY____RCMS_CONTENT_BOUNDARY____RCMS_CONTENT_BOUNDARY__,__RCMS_CONTENT_BOUNDARY____RCMS_CONTENT_BOUNDARY____RCMS_CONTENT_BOUNDARY____RCMS_CONTENT_BOUNDARY__,"{""url"":"""",""title"":""""}__RCMS_CONTENT_BOUNDARY__{""url"":"""",""title"":""""}__RCMS_CONTENT_BOUNDARY__{""url"":"""",""title"":""""}__RCMS_CONTENT_BOUNDARY__{""url"":"""",""title"":""""}__RCMS_CONTENT_BOUNDARY__{""url"":"""",""title"":""""}__RCMS_CONTENT_BOUNDARY__{""url"":"""",""title"":""""}__RCMS_CONTENT_BOUNDARY__{""url"":"""",""title"":""""}__RCMS_CONTENT_BOUNDARY__{""url"":"""",""title"":""""}__RCMS_CONTENT_BOUNDARY__{""url"":"""",""title"":""""}__RCMS_CONTENT_BOUNDARY__{""url"":"""",""title"":""""}",,"五色温泉からイワオヌプリを経て約４ｋｍ程行くとエゾサンショウウオの生息で知られる火山湖大沼がある。ここから神仙沼へ至るコースはニセコのお花畑といわれる高山植物群生地である。ニセコの湖沼めぐりコースはさらに長沼、湯本温泉へと足をのばす約１３ｋｍ。ニセコの美しい自然美を満喫できる。
起終点・経路 共和町、蘭越町、ニセコ町・ニセコ五色温泉〜湯本温泉 
延長 １２ｋｍ",,,,,,,,,,,,,,,,,,,,,,,,,__RCMS_CONTENT_BOUNDARY____RCMS_CONTENT_BOUNDARY____RCMS_CONTENT_BOUNDARY____RCMS_CONTENT_BOUNDARY____RCMS_CONTENT_BOUNDARY____RCMS_CONTENT_BOUNDARY____RCMS_CONTENT_BOUNDARY____RCMS_CONTENT_BOUNDARY____RCMS_CONTENT_BOUNDARY____RCMS_CONTENT_BOUNDARY____RCMS_CONTENT_BOUNDARY____RCMS_CONTENT_BOUNDARY____RCMS_CONTENT_BOUNDARY____RCMS_CONTENT_BOUNDARY____RCMS_CONTENT_BOUNDARY____RCMS_CONTENT_BOUNDARY____RCMS_CONTENT_BOUNDARY____RCMS_CONTENT_BOUNDARY____RCMS_CONTENT_BOUNDARY____RCMS_CONTENT_BOUNDARY____RCMS_CONTENT_BOUNDARY____RCMS_CONTENT_BOUNDARY____RCMS_CONTENT_BOUNDARY____RCMS_CONTENT_BOUNDARY____RCMS_CONTENT_BOUNDARY____RCMS_CONTENT_BOUNDARY____RCMS_CONTENT_BOUNDARY____RCMS_CONTENT_BOUNDARY____RCMS_CONTENT_BOUNDARY__,__RCMS_CONTENT_BOUNDARY____RCMS_CONTENT_BOUNDARY____RCMS_CONTENT_BOUNDARY____RCMS_CONTENT_BOUNDARY____RCMS_CONTENT_BOUNDARY____RCMS_CONTENT_BOUNDARY____RCMS_CONTENT_BOUNDARY____RCMS_CONTENT_BOUNDARY____RCMS_CONTENT_BOUNDARY____RCMS_CONTENT_BOUNDARY____RCMS_CONTENT_BOUNDARY____RCMS_CONTENT_BOUNDARY____RCMS_CONTENT_BOUNDARY____RCMS_CONTENT_BOUNDARY____RCMS_CONTENT_BOUNDARY____RCMS_CONTENT_BOUNDARY____RCMS_CONTENT_BOUNDARY____RCMS_CONTENT_BOUNDARY____RCMS_CONTENT_BOUNDARY____RCMS_CONTENT_BOUNDARY____RCMS_CONTENT_BOUNDARY____RCMS_CONTENT_BOUNDARY____RCMS_CONTENT_BOUNDARY____RCMS_CONTENT_BOUNDARY____RCMS_CONTENT_BOUNDARY____RCMS_CONTENT_BOUNDARY____RCMS_CONTENT_BOUNDARY____RCMS_CONTENT_BOUNDARY____RCMS_CONTENT_BOUNDARY__,__RCMS_CONTENT_BOUNDARY____RCMS_CONTENT_BOUNDARY____RCMS_CONTENT_BOUNDARY____RCMS_CONTENT_BOUNDARY____RCMS_CONTENT_BOUNDARY____RCMS_CONTENT_BOUNDARY____RCMS_CONTENT_BOUNDARY____RCMS_CONTENT_BOUNDARY____RCMS_CONTENT_BOUNDARY____RCMS_CONTENT_BOUNDARY____RCMS_CONTENT_BOUNDARY____RCMS_CONTENT_BOUNDARY____RCMS_CONTENT_BOUNDARY____RCMS_CONTENT_BOUNDARY____RCMS_CONTENT_BOUNDARY____RCMS_CONTENT_BOUNDARY____RCMS_CONTENT_BOUNDARY____RCMS_CONTENT_BOUNDARY____RCMS_CONTENT_BOUNDARY____RCMS_CONTENT_BOUNDARY____RCMS_CONTENT_BOUNDARY____RCMS_CONTENT_BOUNDARY____RCMS_CONTENT_BOUNDARY____RCMS_CONTENT_BOUNDARY____RCMS_CONTENT_BOUNDARY____RCMS_CONTENT_BOUNDARY____RCMS_CONTENT_BOUNDARY____RCMS_CONTENT_BOUNDARY____RCMS_CONTENT_BOUNDARY__,__RCMS_CONTENT_BOUNDARY____RCMS_CONTENT_BOUNDARY____RCMS_CONTENT_BOUNDARY____RCMS_CONTENT_BOUNDARY____RCMS_CONTENT_BOUNDARY____RCMS_CONTENT_BOUNDARY____RCMS_CONTENT_BOUNDARY____RCMS_CONTENT_BOUNDARY____RCMS_CONTENT_BOUNDARY____RCMS_CONTENT_BOUNDARY____RCMS_CONTENT_BOUNDARY____RCMS_CONTENT_BOUNDARY____RCMS_CONTENT_BOUNDARY____RCMS_CONTENT_BOUNDARY____RCMS_CONTENT_BOUNDARY____RCMS_CONTENT_BOUNDARY____RCMS_CONTENT_BOUNDARY____RCMS_CONTENT_BOUNDARY____RCMS_CONTENT_BOUNDARY____RCMS_CONTENT_BOUNDARY____RCMS_CONTENT_BOUNDARY____RCMS_CONTENT_BOUNDARY____RCMS_CONTENT_BOUNDARY____RCMS_CONTENT_BOUNDARY____RCMS_CONTENT_BOUNDARY____RCMS_CONTENT_BOUNDARY____RCMS_CONTENT_BOUNDARY____RCMS_CONTENT_BOUNDARY____RCMS_CONTENT_BOUNDARY__,,0,,,,,2023-09-13 21:01:12.600208+09,2024-02-07 09:06:26.425238+09,1,0,,100,ja,0,,,,,"スポット・体験,登山・ハイキング"
【DB】Location ロケーション,186956,cba395eb-36ef-434f-8649-1dfed645c975,1,0,ハイキングコース,金比羅山ハイキングコース,,金比羅山ハイキングコース,コンピラサンハイキングコース,,24523cb3400104126,,24215,,三重県,志摩市,三重県志摩市志摩町,,鳥羽・志摩,志摩市観光案内所__RCMS_CONTENT_BOUNDARY____RCMS_CONTENT_BOUNDARY____RCMS_CONTENT_BOUNDARY____RCMS_CONTENT_BOUNDARY__,0599-46-0570__RCMS_CONTENT_BOUNDARY____RCMS_CONTENT_BOUNDARY____RCMS_CONTENT_BOUNDARY____RCMS_CONTENT_BOUNDARY__,0599-46-1113__RCMS_CONTENT_BOUNDARY____RCMS_CONTENT_BOUNDARY____RCMS_CONTENT_BOUNDARY____RCMS_CONTENT_BOUNDARY__,__RCMS_CONTENT_BOUNDARY____RCMS_CONTENT_BOUNDARY____RCMS_CONTENT_BOUNDARY____RCMS_CONTENT_BOUNDARY__,__RCMS_CONTENT_BOUNDARY____RCMS_CONTENT_BOUNDARY____RCMS_CONTENT_BOUNDARY____RCMS_CONTENT_BOUNDARY__,info@kanko-shima.com__RCMS_CONTENT_BOUNDARY____RCMS_CONTENT_BOUNDARY____RCMS_CONTENT_BOUNDARY____RCMS_CONTENT_BOUNDARY__,"{""url"":""https://www.kanko-shima.com/html/search_det.php?no=20150328031309"",""title"":""金比羅山ハイキングコース""}__RCMS_CONTENT_BOUNDARY__{""url"":"""",""title"":""""}__RCMS_CONTENT_BOUNDARY__{""url"":"""",""title"":""""}__RCMS_CONTENT_BOUNDARY__{""url"":"""",""title"":""""}__RCMS_CONTENT_BOUNDARY__{""url"":"""",""title"":""""}__RCMS_CONTENT_BOUNDARY__{""url"":"""",""title"":""""}__RCMS_CONTENT_BOUNDARY__{""url"":"""",""title"":""""}__RCMS_CONTENT_BOUNDARY__{""url"":"""",""title"":""""}__RCMS_CONTENT_BOUNDARY__{""url"":"""",""title"":""""}__RCMS_CONTENT_BOUNDARY__{""url"":"""",""title"":""""}",,"前島半島(志摩半島)の先端部・英虞湾を眼下に、南東は太平洋が広がり、南西は紀伊の山々が峰を連ねる。緑あふれるハイキングコースが整備され、 山上からは英虞湾や熊野灘、志摩半島の雄大な360度のパノラマが一望できる。
起終点・経路 志摩町・御座港〜爪切不動尊〜金比羅山〜越賀阿津里海岸 
延長 3.0km",,ハイキングコースは、御座側〜・越賀側〜の2コースあり。,2023-01-01T00:00:00+09:00,2023-12-31T00:00:00+09:00,日付,,,,,,,,,,鵜方駅 バス 60分 御座港行き｢御座白浜｣下車/徒歩約40分,,,,,,,,,,__RCMS_CONTENT_BOUNDARY____RCMS_CONTENT_BOUNDARY____RCMS_CONTENT_BOUNDARY____RCMS_CONTENT_BOUNDARY____RCMS_CONTENT_BOUNDARY____RCMS_CONTENT_BOUNDARY____RCMS_CONTENT_BOUNDARY____RCMS_CONTENT_BOUNDARY____RCMS_CONTENT_BOUNDARY____RCMS_CONTENT_BOUNDARY____RCMS_CONTENT_BOUNDARY____RCMS_CONTENT_BOUNDARY____RCMS_CONTENT_BOUNDARY____RCMS_CONTENT_BOUNDARY____RCMS_CONTENT_BOUNDARY____RCMS_CONTENT_BOUNDARY____RCMS_CONTENT_BOUNDARY____RCMS_CONTENT_BOUNDARY____RCMS_CONTENT_BOUNDARY____RCMS_CONTENT_BOUNDARY____RCMS_CONTENT_BOUNDARY____RCMS_CONTENT_BOUNDARY____RCMS_CONTENT_BOUNDARY____RCMS_CONTENT_BOUNDARY____RCMS_CONTENT_BOUNDARY____RCMS_CONTENT_BOUNDARY____RCMS_CONTENT_BOUNDARY____RCMS_CONTENT_BOUNDARY____RCMS_CONTENT_BOUNDARY__,__RCMS_CONTENT_BOUNDARY____RCMS_CONTENT_BOUNDARY____RCMS_CONTENT_BOUNDARY____RCMS_CONTENT_BOUNDARY____RCMS_CONTENT_BOUNDARY____RCMS_CONTENT_BOUNDARY____RCMS_CONTENT_BOUNDARY____RCMS_CONTENT_BOUNDARY____RCMS_CONTENT_BOUNDARY____RCMS_CONTENT_BOUNDARY____RCMS_CONTENT_BOUNDARY____RCMS_CONTENT_BOUNDARY____RCMS_CONTENT_BOUNDARY____RCMS_CONTENT_BOUNDARY____RCMS_CONTENT_BOUNDARY____RCMS_CONTENT_BOUNDARY____RCMS_CONTENT_BOUNDARY____RCMS_CONTENT_BOUNDARY____RCMS_CONTENT_BOUNDARY____RCMS_CONTENT_BOUNDARY____RCMS_CONTENT_BOUNDARY____RCMS_CONTENT_BOUNDARY____RCMS_CONTENT_BOUNDARY____RCMS_CONTENT_BOUNDARY____RCMS_CONTENT_BOUNDARY____RCMS_CONTENT_BOUNDARY____RCMS_CONTENT_BOUNDARY____RCMS_CONTENT_BOUNDARY____RCMS_CONTENT_BOUNDARY__,__RCMS_CONTENT_BOUNDARY____RCMS_CONTENT_BOUNDARY____RCMS_CONTENT_BOUNDARY____RCMS_CONTENT_BOUNDARY____RCMS_CONTENT_BOUNDARY____RCMS_CONTENT_BOUNDARY____RCMS_CONTENT_BOUNDARY____RCMS_CONTENT_BOUNDARY____RCMS_CONTENT_BOUNDARY____RCMS_CONTENT_BOUNDARY____RCMS_CONTENT_BOUNDARY____RCMS_CONTENT_BOUNDARY____RCMS_CONTENT_BOUNDARY____RCMS_CONTENT_BOUNDARY____RCMS_CONTENT_BOUNDARY____RCMS_CONTENT_BOUNDARY____RCMS_CONTENT_BOUNDARY____RCMS_CONTENT_BOUNDARY____RCMS_CONTENT_BOUNDARY____RCMS_CONTENT_BOUNDARY____RCMS_CONTENT_BOUNDARY____RCMS_CONTENT_BOUNDARY____RCMS_CONTENT_BOUNDARY____RCMS_CONTENT_BOUNDARY____RCMS_CONTENT_BOUNDARY____RCMS_CONTENT_BOUNDARY____RCMS_CONTENT_BOUNDARY____RCMS_CONTENT_BOUNDARY____RCMS_CONTENT_BOUNDARY__,__RCMS_CONTENT_BOUNDARY____RCMS_CONTENT_BOUNDARY____RCMS_CONTENT_BOUNDARY____RCMS_CONTENT_BOUNDARY____RCMS_CONTENT_BOUNDARY____RCMS_CONTENT_BOUNDARY____RCMS_CONTENT_BOUNDARY____RCMS_CONTENT_BOUNDARY____RCMS_CONTENT_BOUNDARY____RCMS_CONTENT_BOUNDARY____RCMS_CONTENT_BOUNDARY____RCMS_CONTENT_BOUNDARY____RCMS_CONTENT_BOUNDARY____RCMS_CONTENT_BOUNDARY____RCMS_CONTENT_BOUNDARY____RCMS_CONTENT_BOUNDARY____RCMS_CONTENT_BOUNDARY____RCMS_CONTENT_BOUNDARY____RCMS_CONTENT_BOUNDARY____RCMS_CONTENT_BOUNDARY____RCMS_CONTENT_BOUNDARY____RCMS_CONTENT_BOUNDARY____RCMS_CONTENT_BOUNDARY____RCMS_CONTENT_BOUNDARY____RCMS_CONTENT_BOUNDARY____RCMS_CONTENT_BOUNDARY____RCMS_CONTENT_BOUNDARY____RCMS_CONTENT_BOUNDARY____RCMS_CONTENT_BOUNDARY__,,0,,,,,2023-09-13 20:48:12.66763+09,2024-02-06 15:47:05.439075+09,1,0,,1110,ja,0,,,,,"スポット・体験,登山・ハイキング"
【DB】Location ロケーション,145765,5beee7fe-c630-4c8f-af76-efb3f3536b14,1,0,ペンション等,オーベルジュ ラ ヴィ トランキーユ,,,オーベルジュ ラ ヴィ トランキーユ,,20481dd5692107055,,20481,399-8602,長野県,北安曇郡池田町,長野県北安曇郡池田町大字会染7964-5,,大糸線沿線・北アルプス,問合せ先__RCMS_CONTENT_BOUNDARY____RCMS_CONTENT_BOUNDARY____RCMS_CONTENT_BOUNDARY____RCMS_CONTENT_BOUNDARY__,0261-29-6635__RCMS_CONTENT_BOUNDARY____RCMS_CONTENT_BOUNDARY____RCMS_CONTENT_BOUNDARY____RCMS_CONTENT_BOUNDARY__,__RCMS_CONTENT_BOUNDARY____RCMS_CONTENT_BOUNDARY____RCMS_CONTENT_BOUNDARY____RCMS_CONTENT_BOUNDARY__,__RCMS_CONTENT_BOUNDARY____RCMS_CONTENT_BOUNDARY____RCMS_CONTENT_BOUNDARY____RCMS_CONTENT_BOUNDARY__,__RCMS_CONTENT_BOUNDARY____RCMS_CONTENT_BOUNDARY____RCMS_CONTENT_BOUNDARY____RCMS_CONTENT_BOUNDARY__,__RCMS_CONTENT_BOUNDARY____RCMS_CONTENT_BOUNDARY____RCMS_CONTENT_BOUNDARY____RCMS_CONTENT_BOUNDARY__,"{""url"":""https://azumino-auberge.com/"",""title"":""HP""}__RCMS_CONTENT_BOUNDARY__{""url"":"""",""title"":""""}__RCMS_CONTENT_BOUNDARY__{""url"":"""",""title"":""""}__RCMS_CONTENT_BOUNDARY__{""url"":"""",""title"":""""}__RCMS_CONTENT_BOUNDARY__{""url"":"""",""title"":""""}__RCMS_CONTENT_BOUNDARY__{""url"":"""",""title"":""""}__RCMS_CONTENT_BOUNDARY__{""url"":"""",""title"":""""}__RCMS_CONTENT_BOUNDARY__{""url"":"""",""title"":""""}__RCMS_CONTENT_BOUNDARY__{""url"":"""",""title"":""""}__RCMS_CONTENT_BOUNDARY__{""url"":"""",""title"":""""}",,"池田町の高台に位置する一軒家のオーベルジュ。
レストランの窓から北アルプスの山々を眺めることができ、時間によって移り変わる山の景色を堪能しながら、フランス各地で修行したオーナーが作る地元食材をふんだんに使った安曇野フレンチをお楽しみください。
宿泊は一日一組限定となっておりますので、窓から見える景色に癒されながら、時間を気にせずにくつろぐ至福のひとときをお過ごし頂けます。","※心身ともに自然の中でリラックスしていただく為、テレビ・Wi-Fiの設置はしておりません。
※ナイトウェアはご用意がありませんので、ご持参ください。
※敷地内は禁煙となりますので、喫煙はご遠慮ください。","お食事のご利用はランチ・ディナー共に完全予約制となりますので、前日までにお電話にてご予約をお願いいたします。
また、ご予約は３ヵ月先まで承ります。",,,,,,定休日　月曜日（臨時休業有）,通年ロケーション,,"ランチ3,850円(税込み)／ディナー7,700円(税込み)",,15,※当施設ではお料理をゆっくり味わっていただく為、中学生以下のお子様のご利用はご遠慮頂いております。,"▽安曇野ICから車で約22分
▽信濃松川駅からタクシーで約14分
▽安曇追分駅からタクシーで約9分
▽明科駅からタクシーで約14分",普通車６台,,,,"ランチタイム　12:00〜14：30　※お食事の開始時間はお客様全員同時となります。
ディナータイム　18:00〜22：00　※お食事の開始時間はご希望のお時間でスタートできますが、最終入店20:00となります。","チェックイン　15:00〜20:00
チェックアウト　〜10:00

ゲストルーム２室（ご利用人数が４〜５名ほどの場合、２室をご利用いただきます。",,,,PATH::145765_ext_6_0.jpg__RCMS_CONTENT_BOUNDARY__PATH::145765_ext_6_1.jpg__RCMS_CONTENT_BOUNDARY____RCMS_CONTENT_BOUNDARY____RCMS_CONTENT_BOUNDARY____RCMS_CONTENT_BOUNDARY____RCMS_CONTENT_BOUNDARY____RCMS_CONTENT_BOUNDARY____RCMS_CONTENT_BOUNDARY____RCMS_CONTENT_BOUNDARY____RCMS_CONTENT_BOUNDARY____RCMS_CONTENT_BOUNDARY____RCMS_CONTENT_BOUNDARY____RCMS_CONTENT_BOUNDARY____RCMS_CONTENT_BOUNDARY____RCMS_CONTENT_BOUNDARY____RCMS_CONTENT_BOUNDARY____RCMS_CONTENT_BOUNDARY____RCMS_CONTENT_BOUNDARY____RCMS_CONTENT_BOUNDARY____RCMS_CONTENT_BOUNDARY____RCMS_CONTENT_BOUNDARY____RCMS_CONTENT_BOUNDARY____RCMS_CONTENT_BOUNDARY____RCMS_CONTENT_BOUNDARY____RCMS_CONTENT_BOUNDARY____RCMS_CONTENT_BOUNDARY____RCMS_CONTENT_BOUNDARY____RCMS_CONTENT_BOUNDARY____RCMS_CONTENT_BOUNDARY__,__RCMS_CONTENT_BOUNDARY____RCMS_CONTENT_BOUNDARY____RCMS_CONTENT_BOUNDARY____RCMS_CONTENT_BOUNDARY____RCMS_CONTENT_BOUNDARY____RCMS_CONTENT_BOUNDARY____RCMS_CONTENT_BOUNDARY____RCMS_CONTENT_BOUNDARY____RCMS_CONTENT_BOUNDARY____RCMS_CONTENT_BOUNDARY____RCMS_CONTENT_BOUNDARY____RCMS_CONTENT_BOUNDARY____RCMS_CONTENT_BOUNDARY____RCMS_CONTENT_BOUNDARY____RCMS_CONTENT_BOUNDARY____RCMS_CONTENT_BOUNDARY____RCMS_CONTENT_BOUNDARY____RCMS_CONTENT_BOUNDARY____RCMS_CONTENT_BOUNDARY____RCMS_CONTENT_BOUNDARY____RCMS_CONTENT_BOUNDARY____RCMS_CONTENT_BOUNDARY____RCMS_CONTENT_BOUNDARY____RCMS_CONTENT_BOUNDARY____RCMS_CONTENT_BOUNDARY____RCMS_CONTENT_BOUNDARY____RCMS_CONTENT_BOUNDARY____RCMS_CONTENT_BOUNDARY____RCMS_CONTENT_BOUNDARY__,__RCMS_CONTENT_BOUNDARY____RCMS_CONTENT_BOUNDARY____RCMS_CONTENT_BOUNDARY____RCMS_CONTENT_BOUNDARY____RCMS_CONTENT_BOUNDARY____RCMS_CONTENT_BOUNDARY____RCMS_CONTENT_BOUNDARY____RCMS_CONTENT_BOUNDARY____RCMS_CONTENT_BOUNDARY____RCMS_CONTENT_BOUNDARY____RCMS_CONTENT_BOUNDARY____RCMS_CONTENT_BOUNDARY____RCMS_CONTENT_BOUNDARY____RCMS_CONTENT_BOUNDARY____RCMS_CONTENT_BOUNDARY____RCMS_CONTENT_BOUNDARY____RCMS_CONTENT_BOUNDARY____RCMS_CONTENT_BOUNDARY____RCMS_CONTENT_BOUNDARY____RCMS_CONTENT_BOUNDARY____RCMS_CONTENT_BOUNDARY____RCMS_CONTENT_BOUNDARY____RCMS_CONTENT_BOUNDARY____RCMS_CONTENT_BOUNDARY____RCMS_CONTENT_BOUNDARY____RCMS_CONTENT_BOUNDARY____RCMS_CONTENT_BOUNDARY____RCMS_CONTENT_BOUNDARY____RCMS_CONTENT_BOUNDARY__,__RCMS_CONTENT_BOUNDARY____RCMS_CONTENT_BOUNDARY____RCMS_CONTENT_BOUNDARY____RCMS_CONTENT_BOUNDARY____RCMS_CONTENT_BOUNDARY____RCMS_CONTENT_BOUNDARY____RCMS_CONTENT_BOUNDARY____RCMS_CONTENT_BOUNDARY____RCMS_CONTENT_BOUNDARY____RCMS_CONTENT_BOUNDARY____RCMS_CONTENT_BOUNDARY____RCMS_CONTENT_BOUNDARY____RCMS_CONTENT_BOUNDARY____RCMS_CONTENT_BOUNDARY____RCMS_CONTENT_BOUNDARY____RCMS_CONTENT_BOUNDARY____RCMS_CONTENT_BOUNDARY____RCMS_CONTENT_BOUNDARY____RCMS_CONTENT_BOUNDARY____RCMS_CONTENT_BOUNDARY____RCMS_CONTENT_BOUNDARY____RCMS_CONTENT_BOUNDARY____RCMS_CONTENT_BOUNDARY____RCMS_CONTENT_BOUNDARY____RCMS_CONTENT_BOUNDARY____RCMS_CONTENT_BOUNDARY____RCMS_CONTENT_BOUNDARY____RCMS_CONTENT_BOUNDARY____RCMS_CONTENT_BOUNDARY__,,0,131003701,496426325,36.393025,137.893116,2023-01-26 15:46:21.431681+09,2024-02-08 15:35:47.254738+09,1,0,,949,ja,0,,,,,"トイレ有り,駐車場有り,宿泊,民宿・ペンション,郷土料理・ご当地グルメ"
【DB】Location ロケーション,192920,793d159a-862e-4f95-9cea-5577a2a82256,1,0,伝統工芸品,因久山焼,,因久山焼,インキュウザンヤキ,,31321be2230120222,,31329,680-0451,鳥取県,八頭郡八頭町,鳥取県八頭郡八頭町久能寺649,,鳥取周辺,因久山窯元__RCMS_CONTENT_BOUNDARY____RCMS_CONTENT_BOUNDARY____RCMS_CONTENT_BOUNDARY____RCMS_CONTENT_BOUNDARY__,0858-72-0278__RCMS_CONTENT_BOUNDARY____RCMS_CONTENT_BOUNDARY____RCMS_CONTENT_BOUNDARY____RCMS_CONTENT_BOUNDARY__,0858-72-1233__RCMS_CONTENT_BOUNDARY____RCMS_CONTENT_BOUNDARY____RCMS_CONTENT_BOUNDARY____RCMS_CONTENT_BOUNDARY__,__RCMS_CONTENT_BOUNDARY____RCMS_CONTENT_BOUNDARY____RCMS_CONTENT_BOUNDARY____RCMS_CONTENT_BOUNDARY__,__RCMS_CONTENT_BOUNDARY____RCMS_CONTENT_BOUNDARY____RCMS_CONTENT_BOUNDARY____RCMS_CONTENT_BOUNDARY__,__RCMS_CONTENT_BOUNDARY____RCMS_CONTENT_BOUNDARY____RCMS_CONTENT_BOUNDARY____RCMS_CONTENT_BOUNDARY__,"{""url"":""https://www.inkyuuzan.com/"",""title"":""因久山焼""}__RCMS_CONTENT_BOUNDARY__{""url"":"""",""title"":""""}__RCMS_CONTENT_BOUNDARY__{""url"":"""",""title"":""""}__RCMS_CONTENT_BOUNDARY__{""url"":"""",""title"":""""}__RCMS_CONTENT_BOUNDARY__{""url"":"""",""title"":""""}__RCMS_CONTENT_BOUNDARY__{""url"":"""",""title"":""""}__RCMS_CONTENT_BOUNDARY__{""url"":"""",""title"":""""}__RCMS_CONTENT_BOUNDARY__{""url"":"""",""title"":""""}__RCMS_CONTENT_BOUNDARY__{""url"":"""",""title"":""""}__RCMS_CONTENT_BOUNDARY__{""url"":"""",""title"":""""}",,鳥取藩主から代々御用窯として保護され、江戸時代からワラ灰釉薬を使用し、淡い青色と乳白色の流れ模様が特徴の格調高い焼き物です。,,,2023-01-01T00:00:00+09:00,2023-12-31T00:00:00+09:00,日付,9:00,17:00,年中無休,,,,,,,"郡家駅 車 3分
鳥取自動車道河原IC 車 10分 河原ICより郡家方面へ",,,,,,,,,,PATH::192920_ext_6_0.jpg__RCMS_CONTENT_BOUNDARY____RCMS_CONTENT_BOUNDARY____RCMS_CONTENT_BOUNDARY____RCMS_CONTENT_BOUNDARY____RCMS_CONTENT_BOUNDARY____RCMS_CONTENT_BOUNDARY____RCMS_CONTENT_BOUNDARY____RCMS_CONTENT_BOUNDARY____RCMS_CONTENT_BOUNDARY____RCMS_CONTENT_BOUNDARY____RCMS_CONTENT_BOUNDARY____RCMS_CONTENT_BOUNDARY____RCMS_CONTENT_BOUNDARY____RCMS_CONTENT_BOUNDARY____RCMS_CONTENT_BOUNDARY____RCMS_CONTENT_BOUNDARY____RCMS_CONTENT_BOUNDARY____RCMS_CONTENT_BOUNDARY____RCMS_CONTENT_BOUNDARY____RCMS_CONTENT_BOUNDARY____RCMS_CONTENT_BOUNDARY____RCMS_CONTENT_BOUNDARY____RCMS_CONTENT_BOUNDARY____RCMS_CONTENT_BOUNDARY____RCMS_CONTENT_BOUNDARY____RCMS_CONTENT_BOUNDARY____RCMS_CONTENT_BOUNDARY____RCMS_CONTENT_BOUNDARY____RCMS_CONTENT_BOUNDARY__,因久山焼__RCMS_CONTENT_BOUNDARY____RCMS_CONTENT_BOUNDARY____RCMS_CONTENT_BOUNDARY____RCMS_CONTENT_BOUNDARY____RCMS_CONTENT_BOUNDARY____RCMS_CONTENT_BOUNDARY____RCMS_CONTENT_BOUNDARY____RCMS_CONTENT_BOUNDARY____RCMS_CONTENT_BOUNDARY____RCMS_CONTENT_BOUNDARY____RCMS_CONTENT_BOUNDARY____RCMS_CONTENT_BOUNDARY____RCMS_CONTENT_BOUNDARY____RCMS_CONTENT_BOUNDARY____RCMS_CONTENT_BOUNDARY____RCMS_CONTENT_BOUNDARY____RCMS_CONTENT_BOUNDARY____RCMS_CONTENT_BOUNDARY____RCMS_CONTENT_BOUNDARY____RCMS_CONTENT_BOUNDARY____RCMS_CONTENT_BOUNDARY____RCMS_CONTENT_BOUNDARY____RCMS_CONTENT_BOUNDARY____RCMS_CONTENT_BOUNDARY____RCMS_CONTENT_BOUNDARY____RCMS_CONTENT_BOUNDARY____RCMS_CONTENT_BOUNDARY____RCMS_CONTENT_BOUNDARY____RCMS_CONTENT_BOUNDARY__,__RCMS_CONTENT_BOUNDARY____RCMS_CONTENT_BOUNDARY____RCMS_CONTENT_BOUNDARY____RCMS_CONTENT_BOUNDARY____RCMS_CONTENT_BOUNDARY____RCMS_CONTENT_BOUNDARY____RCMS_CONTENT_BOUNDARY____RCMS_CONTENT_BOUNDARY____RCMS_CONTENT_BOUNDARY____RCMS_CONTENT_BOUNDARY____RCMS_CONTENT_BOUNDARY____RCMS_CONTENT_BOUNDARY____RCMS_CONTENT_BOUNDARY____RCMS_CONTENT_BOUNDARY____RCMS_CONTENT_BOUNDARY____RCMS_CONTENT_BOUNDARY____RCMS_CONTENT_BOUNDARY____RCMS_CONTENT_BOUNDARY____RCMS_CONTENT_BOUNDARY____RCMS_CONTENT_BOUNDARY____RCMS_CONTENT_BOUNDARY____RCMS_CONTENT_BOUNDARY____RCMS_CONTENT_BOUNDARY____RCMS_CONTENT_BOUNDARY____RCMS_CONTENT_BOUNDARY____RCMS_CONTENT_BOUNDARY____RCMS_CONTENT_BOUNDARY____RCMS_CONTENT_BOUNDARY____RCMS_CONTENT_BOUNDARY__,__RCMS_CONTENT_BOUNDARY____RCMS_CONTENT_BOUNDARY____RCMS_CONTENT_BOUNDARY____RCMS_CONTENT_BOUNDARY____RCMS_CONTENT_BOUNDARY____RCMS_CONTENT_BOUNDARY____RCMS_CONTENT_BOUNDARY____RCMS_CONTENT_BOUNDARY____RCMS_CONTENT_BOUNDARY____RCMS_CONTENT_BOUNDARY____RCMS_CONTENT_BOUNDARY____RCMS_CONTENT_BOUNDARY____RCMS_CONTENT_BOUNDARY____RCMS_CONTENT_BOUNDARY____RCMS_CONTENT_BOUNDARY____RCMS_CONTENT_BOUNDARY____RCMS_CONTENT_BOUNDARY____RCMS_CONTENT_BOUNDARY____RCMS_CONTENT_BOUNDARY____RCMS_CONTENT_BOUNDARY____RCMS_CONTENT_BOUNDARY____RCMS_CONTENT_BOUNDARY____RCMS_CONTENT_BOUNDARY____RCMS_CONTENT_BOUNDARY____RCMS_CONTENT_BOUNDARY____RCMS_CONTENT_BOUNDARY____RCMS_CONTENT_BOUNDARY____RCMS_CONTENT_BOUNDARY____RCMS_CONTENT_BOUNDARY__,,0,127438840,483300640,35.4028119,134.2474351,2023-09-14 18:58:13.309053+09,2024-02-01 15:06:50.23654+09,1,0,,1339,ja,0,,,,,"スポット・体験,伝統工芸品・ものづくり"
【DB】Location ロケーション,150535,56229df6-a9c0-4edc-8fa0-296a8d8ec4b0,1,0,公的観光レクリエーション地域,神仙沼自然休養林,,神仙沼自然休養林,シンセンヌマシゼンキュウヨウリン,Shinsennuma,01401ca3280039567,,01401,048-2201,北海道,岩内郡共和町,北海道岩内郡共和町前田,,小樽・積丹・ニセコ,共和町産業課商工観光室商工観光係__RCMS_CONTENT_BOUNDARY____RCMS_CONTENT_BOUNDARY____RCMS_CONTENT_BOUNDARY____RCMS_CONTENT_BOUNDARY__,0135-67-8778__RCMS_CONTENT_BOUNDARY____RCMS_CONTENT_BOUNDARY____RCMS_CONTENT_BOUNDARY____RCMS_CONTENT_BOUNDARY__,0135-73-2577__RCMS_CONTENT_BOUNDARY____RCMS_CONTENT_BOUNDARY____RCMS_CONTENT_BOUNDARY____RCMS_CONTENT_BOUNDARY__,__RCMS_CONTENT_BOUNDARY____RCMS_CONTENT_BOUNDARY____RCMS_CONTENT_BOUNDARY____RCMS_CONTENT_BOUNDARY__,__RCMS_CONTENT_BOUNDARY____RCMS_CONTENT_BOUNDARY____RCMS_CONTENT_BOUNDARY____RCMS_CONTENT_BOUNDARY__,__RCMS_CONTENT_BOUNDARY____RCMS_CONTENT_BOUNDARY____RCMS_CONTENT_BOUNDARY____RCMS_CONTENT_BOUNDARY__,"{""url"":""https://www.town.kyowa.hokkaido.jp/kankou/spot/shinsennuma.html"",""title"":""神仙沼自然休養林""}__RCMS_CONTENT_BOUNDARY__{""url"":"""",""title"":""""}__RCMS_CONTENT_BOUNDARY__{""url"":"""",""title"":""""}__RCMS_CONTENT_BOUNDARY__{""url"":"""",""title"":""""}__RCMS_CONTENT_BOUNDARY__{""url"":"""",""title"":""""}__RCMS_CONTENT_BOUNDARY__{""url"":"""",""title"":""""}__RCMS_CONTENT_BOUNDARY__{""url"":"""",""title"":""""}__RCMS_CONTENT_BOUNDARY__{""url"":"""",""title"":""""}__RCMS_CONTENT_BOUNDARY__{""url"":"""",""title"":""""}__RCMS_CONTENT_BOUNDARY__{""url"":"""",""title"":""""}",自然美あふれる湿原と神秘の沼,"ニセコ山系の湖沼の中でもっとも美しいといわれる神仙沼。
その神秘的な表情から、神々や仙人が住まうようだとこの名がつけられました。木々からは自然の厳しさの歳月が感じ取られ、凜然とした姿の赤エゾマツがその雰囲気を醸し出しています。
何度訪れても新鮮な発見があり、季節によっていろいろな表情を見せてくれるのが神仙沼です。
レストハウスには駐車場、休憩所、トイレのほか、軽食コーナーや売店を完備。（営業 6月上旬〜10月下旬）",,※冬期間道道６６号線（ニセコパノラマライン）閉鎖,2023-06-01T00:00:00+09:00,2013-10-31T00:00:00+09:00,上中下旬,,,,--,,森林環境整備推進協力金として１００円,,,,小沢駅から車で30分,駐車場：無料（普通車８０台、大型バス３台）,"盲導犬の受け入れ 
車椅子対応トイレ1 
車椅子対応スロープ1",,,,,,,,"PATH::150535_ext_6_0.jpg
初夏の神仙沼__RCMS_CONTENT_BOUNDARY____RCMS_CONTENT_BOUNDARY____RCMS_CONTENT_BOUNDARY____RCMS_CONTENT_BOUNDARY____RCMS_CONTENT_BOUNDARY____RCMS_CONTENT_BOUNDARY____RCMS_CONTENT_BOUNDARY____RCMS_CONTENT_BOUNDARY____RCMS_CONTENT_BOUNDARY____RCMS_CONTENT_BOUNDARY____RCMS_CONTENT_BOUNDARY____RCMS_CONTENT_BOUNDARY____RCMS_CONTENT_BOUNDARY____RCMS_CONTENT_BOUNDARY____RCMS_CONTENT_BOUNDARY____RCMS_CONTENT_BOUNDARY____RCMS_CONTENT_BOUNDARY____RCMS_CONTENT_BOUNDARY____RCMS_CONTENT_BOUNDARY____RCMS_CONTENT_BOUNDARY____RCMS_CONTENT_BOUNDARY____RCMS_CONTENT_BOUNDARY____RCMS_CONTENT_BOUNDARY____RCMS_CONTENT_BOUNDARY____RCMS_CONTENT_BOUNDARY____RCMS_CONTENT_BOUNDARY____RCMS_CONTENT_BOUNDARY____RCMS_CONTENT_BOUNDARY____RCMS_CONTENT_BOUNDARY__",初夏の神仙沼__RCMS_CONTENT_BOUNDARY____RCMS_CONTENT_BOUNDARY____RCMS_CONTENT_BOUNDARY____RCMS_CONTENT_BOUNDARY____RCMS_CONTENT_BOUNDARY____RCMS_CONTENT_BOUNDARY____RCMS_CONTENT_BOUNDARY____RCMS_CONTENT_BOUNDARY____RCMS_CONTENT_BOUNDARY____RCMS_CONTENT_BOUNDARY____RCMS_CONTENT_BOUNDARY____RCMS_CONTENT_BOUNDARY____RCMS_CONTENT_BOUNDARY____RCMS_CONTENT_BOUNDARY____RCMS_CONTENT_BOUNDARY____RCMS_CONTENT_BOUNDARY____RCMS_CONTENT_BOUNDARY____RCMS_CONTENT_BOUNDARY____RCMS_CONTENT_BOUNDARY____RCMS_CONTENT_BOUNDARY____RCMS_CONTENT_BOUNDARY____RCMS_CONTENT_BOUNDARY____RCMS_CONTENT_BOUNDARY____RCMS_CONTENT_BOUNDARY____RCMS_CONTENT_BOUNDARY____RCMS_CONTENT_BOUNDARY____RCMS_CONTENT_BOUNDARY____RCMS_CONTENT_BOUNDARY____RCMS_CONTENT_BOUNDARY__,共和町産業課商工観光室商工観光係__RCMS_CONTENT_BOUNDARY____RCMS_CONTENT_BOUNDARY____RCMS_CONTENT_BOUNDARY____RCMS_CONTENT_BOUNDARY____RCMS_CONTENT_BOUNDARY____RCMS_CONTENT_BOUNDARY____RCMS_CONTENT_BOUNDARY____RCMS_CONTENT_BOUNDARY____RCMS_CONTENT_BOUNDARY____RCMS_CONTENT_BOUNDARY____RCMS_CONTENT_BOUNDARY____RCMS_CONTENT_BOUNDARY____RCMS_CONTENT_BOUNDARY____RCMS_CONTENT_BOUNDARY____RCMS_CONTENT_BOUNDARY____RCMS_CONTENT_BOUNDARY____RCMS_CONTENT_BOUNDARY____RCMS_CONTENT_BOUNDARY____RCMS_CONTENT_BOUNDARY____RCMS_CONTENT_BOUNDARY____RCMS_CONTENT_BOUNDARY____RCMS_CONTENT_BOUNDARY____RCMS_CONTENT_BOUNDARY____RCMS_CONTENT_BOUNDARY____RCMS_CONTENT_BOUNDARY____RCMS_CONTENT_BOUNDARY____RCMS_CONTENT_BOUNDARY____RCMS_CONTENT_BOUNDARY____RCMS_CONTENT_BOUNDARY__,共和町__RCMS_CONTENT_BOUNDARY____RCMS_CONTENT_BOUNDARY____RCMS_CONTENT_BOUNDARY____RCMS_CONTENT_BOUNDARY____RCMS_CONTENT_BOUNDARY____RCMS_CONTENT_BOUNDARY____RCMS_CONTENT_BOUNDARY____RCMS_CONTENT_BOUNDARY____RCMS_CONTENT_BOUNDARY____RCMS_CONTENT_BOUNDARY____RCMS_CONTENT_BOUNDARY____RCMS_CONTENT_BOUNDARY____RCMS_CONTENT_BOUNDARY____RCMS_CONTENT_BOUNDARY____RCMS_CONTENT_BOUNDARY____RCMS_CONTENT_BOUNDARY____RCMS_CONTENT_BOUNDARY____RCMS_CONTENT_BOUNDARY____RCMS_CONTENT_BOUNDARY____RCMS_CONTENT_BOUNDARY____RCMS_CONTENT_BOUNDARY____RCMS_CONTENT_BOUNDARY____RCMS_CONTENT_BOUNDARY____RCMS_CONTENT_BOUNDARY____RCMS_CONTENT_BOUNDARY____RCMS_CONTENT_BOUNDARY____RCMS_CONTENT_BOUNDARY____RCMS_CONTENT_BOUNDARY____RCMS_CONTENT_BOUNDARY__,,0,154463230,506139640,42.9088694,140.5906823,2023-01-26 15:46:21.431681+09,2024-02-07 11:45:27+09,1,1,,100,ja,0,,,,,"トイレ有り,駐車場有り,休憩所有り,湖沼,観光施設・ガイド,バリアフリー対応,必見スポット,国立公園,自然保護区,アクティビティ,アドベンチャーツーリズム,山・高原,湿原,動物生息地,花・植物,展望・ビューポイント,公園,登山・ハイキング,カフェ,ショップ,夏,秋,紅葉,シルバーウィーク,自然景観,トレッキング"
【DB】Location ロケーション,26322,4426068b-54ff-43da-ab94-d6711e2a4831,1,0,博物館,北前船主屋敷蔵六園,,北前船主屋敷蔵六園,キタマエセンシュヤシキゾウロクエン,,17206cc3290032192,,17206,922-0554,石川県,加賀市,石川県加賀市橋立町ラ47,,加賀温泉郷,北前船主屋敷蔵六園__RCMS_CONTENT_BOUNDARY__北前船主屋敷蔵六園__RCMS_CONTENT_BOUNDARY____RCMS_CONTENT_BOUNDARY____RCMS_CONTENT_BOUNDARY__,0761-75-2003__RCMS_CONTENT_BOUNDARY__0761-75-2003__RCMS_CONTENT_BOUNDARY____RCMS_CONTENT_BOUNDARY____RCMS_CONTENT_BOUNDARY__,0761-75-2003__RCMS_CONTENT_BOUNDARY__0761-75-2003__RCMS_CONTENT_BOUNDARY____RCMS_CONTENT_BOUNDARY____RCMS_CONTENT_BOUNDARY__,__RCMS_CONTENT_BOUNDARY____RCMS_CONTENT_BOUNDARY____RCMS_CONTENT_BOUNDARY____RCMS_CONTENT_BOUNDARY__,__RCMS_CONTENT_BOUNDARY____RCMS_CONTENT_BOUNDARY____RCMS_CONTENT_BOUNDARY____RCMS_CONTENT_BOUNDARY__,__RCMS_CONTENT_BOUNDARY____RCMS_CONTENT_BOUNDARY____RCMS_CONTENT_BOUNDARY____RCMS_CONTENT_BOUNDARY__,"{""url"":"""",""title"":""""}__RCMS_CONTENT_BOUNDARY__{""url"":"""",""title"":""""}__RCMS_CONTENT_BOUNDARY__{""url"":"""",""title"":""""}__RCMS_CONTENT_BOUNDARY__{""url"":"""",""title"":""""}__RCMS_CONTENT_BOUNDARY__{""url"":"""",""title"":""""}__RCMS_CONTENT_BOUNDARY__{""url"":"""",""title"":""""}__RCMS_CONTENT_BOUNDARY__{""url"":"""",""title"":""""}__RCMS_CONTENT_BOUNDARY__{""url"":"""",""title"":""""}__RCMS_CONTENT_BOUNDARY__{""url"":"""",""title"":""""}__RCMS_CONTENT_BOUNDARY__{""url"":"""",""title"":""""}",,"旧北前船主宅を公開した資料館。全国の銘石を集めた庭園が見ごたえあり。ティールームがあり抹茶やコーヒーをいただける。近辺が重要伝統的建造物群保存地区となっている。

※暫くの間、開園時間が10時〜16時となります。
　不定休ですのでお問い合わせの上お越しください。



【料　　金】 大人 400円、中学生以上 200円、小学生以下
【開館時間】 10:00〜16:00 営業時間変更する場合あり。要問合せ
【休  館  日】 不定休（お問い合わせください）
　管理者 中越古美術店",,,2023-01-01T00:00:00+09:00,2023-12-31T00:00:00+09:00,日付,,,"【開館時間】 10:00〜16:00 営業時間変更する場合あり。要問合せ
【休  館  日】 不定休（お問い合わせください）",通年ロケーション,なし,,,,,"北陸自動車道 片山津ICから 車で約 8分 5.6km
JR加賀温泉駅 加賀周遊バスキャン・バス (海まわり線)24分「北前船主屋敷 蔵六園」バス停からすぐ※帰り30分",無料。 乗用車20台分。大型バスなら4台駐車可能。,割引○,,,,,,,,PATH::26322_ext_6_0.jpg__RCMS_CONTENT_BOUNDARY__PATH::26322_ext_6_1.jpg__RCMS_CONTENT_BOUNDARY____RCMS_CONTENT_BOUNDARY____RCMS_CONTENT_BOUNDARY____RCMS_CONTENT_BOUNDARY____RCMS_CONTENT_BOUNDARY____RCMS_CONTENT_BOUNDARY____RCMS_CONTENT_BOUNDARY____RCMS_CONTENT_BOUNDARY____RCMS_CONTENT_BOUNDARY____RCMS_CONTENT_BOUNDARY____RCMS_CONTENT_BOUNDARY____RCMS_CONTENT_BOUNDARY____RCMS_CONTENT_BOUNDARY____RCMS_CONTENT_BOUNDARY____RCMS_CONTENT_BOUNDARY____RCMS_CONTENT_BOUNDARY____RCMS_CONTENT_BOUNDARY____RCMS_CONTENT_BOUNDARY____RCMS_CONTENT_BOUNDARY____RCMS_CONTENT_BOUNDARY____RCMS_CONTENT_BOUNDARY____RCMS_CONTENT_BOUNDARY____RCMS_CONTENT_BOUNDARY____RCMS_CONTENT_BOUNDARY____RCMS_CONTENT_BOUNDARY____RCMS_CONTENT_BOUNDARY____RCMS_CONTENT_BOUNDARY____RCMS_CONTENT_BOUNDARY__,蔵六園__RCMS_CONTENT_BOUNDARY____RCMS_CONTENT_BOUNDARY____RCMS_CONTENT_BOUNDARY____RCMS_CONTENT_BOUNDARY____RCMS_CONTENT_BOUNDARY____RCMS_CONTENT_BOUNDARY____RCMS_CONTENT_BOUNDARY____RCMS_CONTENT_BOUNDARY____RCMS_CONTENT_BOUNDARY____RCMS_CONTENT_BOUNDARY____RCMS_CONTENT_BOUNDARY____RCMS_CONTENT_BOUNDARY____RCMS_CONTENT_BOUNDARY____RCMS_CONTENT_BOUNDARY____RCMS_CONTENT_BOUNDARY____RCMS_CONTENT_BOUNDARY____RCMS_CONTENT_BOUNDARY____RCMS_CONTENT_BOUNDARY____RCMS_CONTENT_BOUNDARY____RCMS_CONTENT_BOUNDARY____RCMS_CONTENT_BOUNDARY____RCMS_CONTENT_BOUNDARY____RCMS_CONTENT_BOUNDARY____RCMS_CONTENT_BOUNDARY____RCMS_CONTENT_BOUNDARY____RCMS_CONTENT_BOUNDARY____RCMS_CONTENT_BOUNDARY____RCMS_CONTENT_BOUNDARY____RCMS_CONTENT_BOUNDARY__,__RCMS_CONTENT_BOUNDARY____RCMS_CONTENT_BOUNDARY____RCMS_CONTENT_BOUNDARY____RCMS_CONTENT_BOUNDARY____RCMS_CONTENT_BOUNDARY____RCMS_CONTENT_BOUNDARY____RCMS_CONTENT_BOUNDARY____RCMS_CONTENT_BOUNDARY____RCMS_CONTENT_BOUNDARY____RCMS_CONTENT_BOUNDARY____RCMS_CONTENT_BOUNDARY____RCMS_CONTENT_BOUNDARY____RCMS_CONTENT_BOUNDARY____RCMS_CONTENT_BOUNDARY____RCMS_CONTENT_BOUNDARY____RCMS_CONTENT_BOUNDARY____RCMS_CONTENT_BOUNDARY____RCMS_CONTENT_BOUNDARY____RCMS_CONTENT_BOUNDARY____RCMS_CONTENT_BOUNDARY____RCMS_CONTENT_BOUNDARY____RCMS_CONTENT_BOUNDARY____RCMS_CONTENT_BOUNDARY____RCMS_CONTENT_BOUNDARY____RCMS_CONTENT_BOUNDARY____RCMS_CONTENT_BOUNDARY____RCMS_CONTENT_BOUNDARY____RCMS_CONTENT_BOUNDARY____RCMS_CONTENT_BOUNDARY__,__RCMS_CONTENT_BOUNDARY____RCMS_CONTENT_BOUNDARY____RCMS_CONTENT_BOUNDARY____RCMS_CONTENT_BOUNDARY____RCMS_CONTENT_BOUNDARY____RCMS_CONTENT_BOUNDARY____RCMS_CONTENT_BOUNDARY____RCMS_CONTENT_BOUNDARY____RCMS_CONTENT_BOUNDARY____RCMS_CONTENT_BOUNDARY____RCMS_CONTENT_BOUNDARY____RCMS_CONTENT_BOUNDARY____RCMS_CONTENT_BOUNDARY____RCMS_CONTENT_BOUNDARY____RCMS_CONTENT_BOUNDARY____RCMS_CONTENT_BOUNDARY____RCMS_CONTENT_BOUNDARY____RCMS_CONTENT_BOUNDARY____RCMS_CONTENT_BOUNDARY____RCMS_CONTENT_BOUNDARY____RCMS_CONTENT_BOUNDARY____RCMS_CONTENT_BOUNDARY____RCMS_CONTENT_BOUNDARY____RCMS_CONTENT_BOUNDARY____RCMS_CONTENT_BOUNDARY____RCMS_CONTENT_BOUNDARY____RCMS_CONTENT_BOUNDARY____RCMS_CONTENT_BOUNDARY____RCMS_CONTENT_BOUNDARY__,,0,130843440,490727100,36.348474,136.310123,2022-12-18 19:37:37.628388+09,2024-02-03 12:55:40.763187+09,1,0,,825,ja,0,,,,,"駐車場有り,観光施設・ガイド,バリアフリー対応,博物館・資料館"
【DB】Location ロケーション,51312,d665d0e0-bca2-4987-b18d-4dad24d142d8,1,0,地域風俗,戸波神社の芸能（ぎおんばやし、きつねばやし、草音頭）,,戸波神社の芸能（ぎおんばやし、きつねばやし、草音頭）,トナミジンジャノゲイノウ（ギオンバヤシ、キツネバヤシ、クサオンド）,,05203ai2249709534,,05203,019-0714,秋田県,横手市,秋田県横手市増田町戸波,,横手・湯沢,横手市教育委員会文化財保護課__RCMS_CONTENT_BOUNDARY____RCMS_CONTENT_BOUNDARY____RCMS_CONTENT_BOUNDARY____RCMS_CONTENT_BOUNDARY__,0182-32-2403,0182-32-4034,,,bunkazaihogo@city.yokote.lg.jp,"{""url"":"""",""title"":""""}__RCMS_CONTENT_BOUNDARY__null__RCMS_CONTENT_BOUNDARY__null__RCMS_CONTENT_BOUNDARY__null__RCMS_CONTENT_BOUNDARY__null__RCMS_CONTENT_BOUNDARY__null__RCMS_CONTENT_BOUNDARY__null__RCMS_CONTENT_BOUNDARY__null__RCMS_CONTENT_BOUNDARY__null__RCMS_CONTENT_BOUNDARY__null",,"戸波地区に元禄時代から伝わる踊り。祇園囃子、きつね囃子は毎年5月5日の戸波神社例大祭に奉納される。草音頭は8月14、15日に行う盆踊りで、浴衣に鳥追い笠、草履が一般的である。
文化財  市指定文化財（無形民俗） 
保存者 戸波郷土芸能保存会",,,2023-01-01T00:00:00+09:00,2023-12-31T00:00:00+09:00,日付,,,,通年ロケーション,,,,,,十文字駅 車 20分,,,,市指定文化財（無形民俗）,,,,,,__RCMS_CONTENT_BOUNDARY____RCMS_CONTENT_BOUNDARY____RCMS_CONTENT_BOUNDARY____RCMS_CONTENT_BOUNDARY____RCMS_CONTENT_BOUNDARY____RCMS_CONTENT_BOUNDARY____RCMS_CONTENT_BOUNDARY____RCMS_CONTENT_BOUNDARY____RCMS_CONTENT_BOUNDARY____RCMS_CONTENT_BOUNDARY____RCMS_CONTENT_BOUNDARY____RCMS_CONTENT_BOUNDARY____RCMS_CONTENT_BOUNDARY____RCMS_CONTENT_BOUNDARY____RCMS_CONTENT_BOUNDARY____RCMS_CONTENT_BOUNDARY____RCMS_CONTENT_BOUNDARY____RCMS_CONTENT_BOUNDARY____RCMS_CONTENT_BOUNDARY____RCMS_CONTENT_BOUNDARY____RCMS_CONTENT_BOUNDARY____RCMS_CONTENT_BOUNDARY____RCMS_CONTENT_BOUNDARY____RCMS_CONTENT_BOUNDARY____RCMS_CONTENT_BOUNDARY____RCMS_CONTENT_BOUNDARY____RCMS_CONTENT_BOUNDARY____RCMS_CONTENT_BOUNDARY____RCMS_CONTENT_BOUNDARY__,,,,,0,141072435,505932977,39.1896424,140.5335028,2022-12-18 19:37:37.628388+09,2024-02-05 11:51:28.236435+09,1,0,,330,ja,0,,,,,"スポット・体験,郷土芸能・神楽"
【DB】Location ロケーション,50453,f483c471-6bba-4d89-9af4-460510e94bea,1,0,ホテル等,GRAND MERCURE WAKAYAMA MINABE RESORT & SPA,,GRAND MERCURE WAKAYAMA MINABE RESORT & SPA,グランドメルキュールワカヤマミナベリゾート＆スパ,,30391db5642108194,,30391,645-8501,和歌山県,日高郡みなべ町,和歌山県日高郡みなべ町山内大目津泊り348,,田辺・竜神,GRAND MERCURE WAKAYAMA MINABE RESORT & SPA__RCMS_CONTENT_BOUNDARY____RCMS_CONTENT_BOUNDARY____RCMS_CONTENT_BOUNDARY____RCMS_CONTENT_BOUNDARY__,0739-72-5500,,,,,"{""url"":""https://grand-mercure-wakayamaminabe-resortandspa.jp/"",""title"":""GRAND MERCURE WAKAYAMA MINABE RESORT & SPA""}__RCMS_CONTENT_BOUNDARY__null__RCMS_CONTENT_BOUNDARY__null__RCMS_CONTENT_BOUNDARY__null__RCMS_CONTENT_BOUNDARY__null__RCMS_CONTENT_BOUNDARY__null__RCMS_CONTENT_BOUNDARY__null__RCMS_CONTENT_BOUNDARY__null__RCMS_CONTENT_BOUNDARY__null__RCMS_CONTENT_BOUNDARY__null",,"【2024年4月リブランドオープン】家族全員で一緒に楽しめるナチュラルリゾート。ホテルの目の前は広大な太平洋が眺められ、徒歩数分の小目津公園は広さ約7500平方メートルの芝生が敷き詰められ、走りたい放題。ホテルより車で約3分に位置する千里の浜は「熊野古道　紀伊路」の一部であり、唯一、白砂青松の砂浜を歩ける熊野古道のルートです。伊勢物語や枕草子でもその美しさを讃えられ、夕日が美しいことでも有名です。前方に広がる太平洋は季節により様々な景観を楽しめます。

レストラン 
宴会場 
サウナ 
温泉露天風呂 
プール 
駐車場 
建物構造 1994年開業、地上10階　地下1階",,,,,日付,,,,通年ロケーション,なし,,,,,"JR南部駅 車 10分
みなべIC 車 10分",,"盲導犬の受け入れ ○
車椅子対応トイレ ○
車椅子対応スロープ ○
車椅子対応客室 ○
車椅子対応レストラン ○",,,,,,,,PATH::50453_ext_6_0.jpg__RCMS_CONTENT_BOUNDARY__PATH::50453_ext_6_1.jpg__RCMS_CONTENT_BOUNDARY__PATH::50453_ext_6_2.jpg__RCMS_CONTENT_BOUNDARY__PATH::50453_ext_6_3.jpg__RCMS_CONTENT_BOUNDARY__PATH::50453_ext_6_4.jpg__RCMS_CONTENT_BOUNDARY__PATH::50453_ext_6_5.jpg__RCMS_CONTENT_BOUNDARY__PATH::50453_ext_6_6.jpg__RCMS_CONTENT_BOUNDARY__PATH::50453_ext_6_7.jpg__RCMS_CONTENT_BOUNDARY____RCMS_CONTENT_BOUNDARY____RCMS_CONTENT_BOUNDARY____RCMS_CONTENT_BOUNDARY____RCMS_CONTENT_BOUNDARY____RCMS_CONTENT_BOUNDARY____RCMS_CONTENT_BOUNDARY____RCMS_CONTENT_BOUNDARY____RCMS_CONTENT_BOUNDARY____RCMS_CONTENT_BOUNDARY____RCMS_CONTENT_BOUNDARY____RCMS_CONTENT_BOUNDARY____RCMS_CONTENT_BOUNDARY____RCMS_CONTENT_BOUNDARY____RCMS_CONTENT_BOUNDARY____RCMS_CONTENT_BOUNDARY____RCMS_CONTENT_BOUNDARY____RCMS_CONTENT_BOUNDARY____RCMS_CONTENT_BOUNDARY____RCMS_CONTENT_BOUNDARY____RCMS_CONTENT_BOUNDARY____RCMS_CONTENT_BOUNDARY__,__RCMS_CONTENT_BOUNDARY____RCMS_CONTENT_BOUNDARY____RCMS_CONTENT_BOUNDARY____RCMS_CONTENT_BOUNDARY____RCMS_CONTENT_BOUNDARY____RCMS_CONTENT_BOUNDARY____RCMS_CONTENT_BOUNDARY__,__RCMS_CONTENT_BOUNDARY____RCMS_CONTENT_BOUNDARY____RCMS_CONTENT_BOUNDARY____RCMS_CONTENT_BOUNDARY____RCMS_CONTENT_BOUNDARY____RCMS_CONTENT_BOUNDARY____RCMS_CONTENT_BOUNDARY__,__RCMS_CONTENT_BOUNDARY____RCMS_CONTENT_BOUNDARY____RCMS_CONTENT_BOUNDARY____RCMS_CONTENT_BOUNDARY____RCMS_CONTENT_BOUNDARY____RCMS_CONTENT_BOUNDARY____RCMS_CONTENT_BOUNDARY__,,0,121553994,487095589,33.768356,135.301555,2022-12-18 19:37:37.628388+09,2024-02-06 09:31:13.014668+09,1,0,,1321,ja,0,,,,,"駐車場有り,宿泊,バリアフリー対応,プール,旅館・ホテル,おすすめ"
【DB】Location ロケーション,212400,b5970ebb-8b5d-4d67-a647-2c8dd13e0740,1,0,味覚・特産品,焼きだんご,,,ヤキダンゴ,,13213ga2272081130,,13213,,東京都,東村山市,東京都東村山市,,三鷹・国立・所沢,東村山市地域創生部シティセールス課__RCMS_CONTENT_BOUNDARY____RCMS_CONTENT_BOUNDARY____RCMS_CONTENT_BOUNDARY____RCMS_CONTENT_BOUNDARY__,042-393-5111,042-393-6846,,,,"{""url"":""https://www.city.higashimurayama.tokyo.jp/smph/tanoshimi/kanko/shoku/udon.html"",""title"":""詳しくはこちら（東村山市ホームページ）へ""}__RCMS_CONTENT_BOUNDARY__null__RCMS_CONTENT_BOUNDARY__null__RCMS_CONTENT_BOUNDARY__null__RCMS_CONTENT_BOUNDARY__null__RCMS_CONTENT_BOUNDARY__null__RCMS_CONTENT_BOUNDARY__null__RCMS_CONTENT_BOUNDARY__null__RCMS_CONTENT_BOUNDARY__null__RCMS_CONTENT_BOUNDARY__null",,"陸稲として栽培された米から作られただんごを甘くない醤油味で味付けし、
炭火でこんがりと焼きます。
竹串に4つ刺さって、焼きたては香ばしい醤油の香りが、
焼き冷ましは歯ごたえのある食感が特徴です。
腹持ちがいいので、農作業の合間の茶菓子としても食べられてきた地元の味です。

詳しくは下記（東村山市ホームページ）へ",,,,,日付,,,,通年ロケーション,なし,,,,,,,,,,,,,,,PATH::212400_ext_6_0.jpeg__RCMS_CONTENT_BOUNDARY____RCMS_CONTENT_BOUNDARY____RCMS_CONTENT_BOUNDARY____RCMS_CONTENT_BOUNDARY____RCMS_CONTENT_BOUNDARY____RCMS_CONTENT_BOUNDARY____RCMS_CONTENT_BOUNDARY____RCMS_CONTENT_BOUNDARY____RCMS_CONTENT_BOUNDARY____RCMS_CONTENT_BOUNDARY____RCMS_CONTENT_BOUNDARY____RCMS_CONTENT_BOUNDARY____RCMS_CONTENT_BOUNDARY____RCMS_CONTENT_BOUNDARY____RCMS_CONTENT_BOUNDARY____RCMS_CONTENT_BOUNDARY____RCMS_CONTENT_BOUNDARY____RCMS_CONTENT_BOUNDARY____RCMS_CONTENT_BOUNDARY____RCMS_CONTENT_BOUNDARY____RCMS_CONTENT_BOUNDARY____RCMS_CONTENT_BOUNDARY____RCMS_CONTENT_BOUNDARY____RCMS_CONTENT_BOUNDARY____RCMS_CONTENT_BOUNDARY____RCMS_CONTENT_BOUNDARY____RCMS_CONTENT_BOUNDARY____RCMS_CONTENT_BOUNDARY____RCMS_CONTENT_BOUNDARY__,,,,,0,128729658,502085142,35.76145877594891,139.4648838,2023-12-27 14:46:37.213711+09,2024-02-02 15:48:22.526116+09,1,0,,711,ja,0,,,,,"グルメ,食文化・郷土料理,郷土料理・ご当地グルメ,味覚・グルメ"
