グループ名,コンテンツID,Slug,公開,並び順,カテゴリ,タイトル,コンテンツ,名称のカナ名(拡張項目),名称の英語名(拡張項目),イベントの通称(拡張項目),JTTAコード(拡張項目),全国地方公共団体コード(拡張項目),イベントの開始日(拡張項目),イベントの終了日(拡張項目),日付表示タイプ(拡張項目),イベントの開始時間(拡張項目),イベントの終了時間(拡張項目),通年イベント(拡張項目),イベントの日時に関する特記事項(拡張項目),イベントの説明(拡張項目),重要通知事項(拡張項目),中止フラグ(拡張項目),注意事項・備考等(拡張項目),イベントの主催者(拡張項目),キャッチコピー(拡張項目),開催場所の名称(拡張項目),郵便番号(拡張項目),都道府県(拡張項目),市区町村(拡張項目),住所(拡張項目),住所の方書(拡張項目),エリア(拡張項目),開催地の交通アクセス(拡張項目),駐車場に関する説明(拡張項目),問い合わせ名(拡張項目),電話番号(拡張項目),内線番号(拡張項目),FAX(拡張項目),メールアドレス(拡張項目),問い合わせ情報(拡張項目),URL(拡張項目),料金(拡張項目),料金の備考(拡張項目),参加申込み開始日時(拡張項目),参加申込み終了日時(拡張項目),参加申込み方法の説明(拡張項目),画像ファイル(拡張項目),画像のALT(拡張項目),クレジット(拡張項目),ライセンス(拡張項目),開催地のバリアフリーに関する説明(拡張項目),多言語対応に関する説明(拡張項目),日本版持続可能な観光ガイドラインに関する説明(拡張項目),イベントの定員(拡張項目),来場者数(拡張項目),ページビュー数(拡張項目),情報の有効期限(拡張項目),イベントランク(拡張項目),日本測地系（緯度）(拡張項目),日本測地系（経度）(拡張項目),世界測地系（緯度）(拡張項目),世界測地系（経度）(拡張項目),新規登録日時,最終更新日,一覧に表示する,上位表示する,アクセス制限,メンバーID,言語,削除フラグ,開始日付(公開日指定),開始時刻(公開日指定),終了日付(公開日指定),終了時刻(公開日指定),タグ
【DB】Event イベント,183482,28666d57-8c18-4c17-9be3-da3fea35f705,1,0,イベント,旭山公園の桜,,アサヒヤマコウエンノサクラ,-,旭山公園の桜,01204ba2212067014,01204,2024-04-11T00:00:00+09:00,2024-04-30T00:00:00+09:00,上中下旬,,,--,気候によって開花時期の変動があるため、最新の開花情報はHPをご覧ください。,"旭山動物園に隣接する旭山公園にはエゾヤマザクラ約3,500本が植栽されており、見頃を迎えると多くの花見見物客が訪れます。開花時期には、ライトアップによる夜桜祭りも開催されます。

料金: 無料
開催地 旭山公園",,なし,,,,旭山公園,078-8205,北海道,旭川市,北海道旭川市東旭川町倉沼,,大雪,"旭川空港 車 30分
JR旭川駅 バス 40分
旭山動物園正面バス停 徒歩 1分",,旭川市公園緑地協会__RCMS_CONTENT_BOUNDARY____RCMS_CONTENT_BOUNDARY____RCMS_CONTENT_BOUNDARY____RCMS_CONTENT_BOUNDARY__,0166-52-1934,,0166-55-0550,,,"{""url"":""http://www.asahikawa-park.or.jp/"",""title"":""旭山公園の桜""}__RCMS_CONTENT_BOUNDARY__null__RCMS_CONTENT_BOUNDARY__null__RCMS_CONTENT_BOUNDARY__null__RCMS_CONTENT_BOUNDARY__null__RCMS_CONTENT_BOUNDARY__null__RCMS_CONTENT_BOUNDARY__null__RCMS_CONTENT_BOUNDARY__null__RCMS_CONTENT_BOUNDARY__null__RCMS_CONTENT_BOUNDARY__null",,,,,,PATH::183482_ext_30_0.jpg__RCMS_CONTENT_BOUNDARY__PATH::183482_ext_30_1.jpg__RCMS_CONTENT_BOUNDARY____RCMS_CONTENT_BOUNDARY____RCMS_CONTENT_BOUNDARY____RCMS_CONTENT_BOUNDARY____RCMS_CONTENT_BOUNDARY____RCMS_CONTENT_BOUNDARY____RCMS_CONTENT_BOUNDARY____RCMS_CONTENT_BOUNDARY____RCMS_CONTENT_BOUNDARY____RCMS_CONTENT_BOUNDARY____RCMS_CONTENT_BOUNDARY____RCMS_CONTENT_BOUNDARY____RCMS_CONTENT_BOUNDARY__,__RCMS_CONTENT_BOUNDARY__,__RCMS_CONTENT_BOUNDARY__,__RCMS_CONTENT_BOUNDARY__,,,,,,0,,AA,157541953,512926569,43.7640611,142.4757761,2023-09-13 01:49:25.292672+09,2024-02-13 14:12:27.169031+09,1,0,,1826,ja,0,,,,,"スポット・体験,お祭り・伝統行事,イベント"
【DB】Event イベント,183697,a1d1b5af-d3c0-4de8-9408-692de96f8318,1,0,イベント,青海島観光汽船　海上交通安全祈願祭,,オオミジマカンコウキセンカイジョウコウツウアンゼンキガンサイ,-,青海島観光汽船　海上交通安全祈願祭,35211ba2212053903,35211,2024-03-17T00:00:00+09:00,2024-03-17T00:00:00+09:00,日付,,,--,,"「海上アルプス」と呼ばれる青海島を巡る観光船の航海の安全を願って行われる祭り。島巡り船によるパレードと神事が行われます。

開催地 観光汽船乗り場
乗船人数 50組",,なし,,,,観光汽船乗り場,759-4106,山口県,長門市,山口県長門市仙崎,,萩・長門周辺,JR仙崎駅 徒歩 8分,,青海島観光汽船（株）__RCMS_CONTENT_BOUNDARY____RCMS_CONTENT_BOUNDARY____RCMS_CONTENT_BOUNDARY____RCMS_CONTENT_BOUNDARY__,0837-26-0834__RCMS_CONTENT_BOUNDARY____RCMS_CONTENT_BOUNDARY____RCMS_CONTENT_BOUNDARY____RCMS_CONTENT_BOUNDARY__,__RCMS_CONTENT_BOUNDARY____RCMS_CONTENT_BOUNDARY____RCMS_CONTENT_BOUNDARY____RCMS_CONTENT_BOUNDARY__,0837-26-0835__RCMS_CONTENT_BOUNDARY____RCMS_CONTENT_BOUNDARY____RCMS_CONTENT_BOUNDARY____RCMS_CONTENT_BOUNDARY__,__RCMS_CONTENT_BOUNDARY____RCMS_CONTENT_BOUNDARY____RCMS_CONTENT_BOUNDARY____RCMS_CONTENT_BOUNDARY__,__RCMS_CONTENT_BOUNDARY____RCMS_CONTENT_BOUNDARY____RCMS_CONTENT_BOUNDARY____RCMS_CONTENT_BOUNDARY__,"{""url"":""https://www.omijimakankoukisen.jp/"",""title"":""青海島観光汽船　海上交通安全祈願祭""}__RCMS_CONTENT_BOUNDARY__{""url"":"""",""title"":""""}__RCMS_CONTENT_BOUNDARY__{""url"":"""",""title"":""""}__RCMS_CONTENT_BOUNDARY__{""url"":"""",""title"":""""}__RCMS_CONTENT_BOUNDARY__{""url"":"""",""title"":""""}__RCMS_CONTENT_BOUNDARY__{""url"":"""",""title"":""""}__RCMS_CONTENT_BOUNDARY__{""url"":"""",""title"":""""}__RCMS_CONTENT_BOUNDARY__{""url"":"""",""title"":""""}__RCMS_CONTENT_BOUNDARY__{""url"":"""",""title"":""""}__RCMS_CONTENT_BOUNDARY__{""url"":"""",""title"":""""}",,,,,,PATH::183697_ext_30_0.jpg__RCMS_CONTENT_BOUNDARY____RCMS_CONTENT_BOUNDARY____RCMS_CONTENT_BOUNDARY____RCMS_CONTENT_BOUNDARY____RCMS_CONTENT_BOUNDARY____RCMS_CONTENT_BOUNDARY____RCMS_CONTENT_BOUNDARY____RCMS_CONTENT_BOUNDARY____RCMS_CONTENT_BOUNDARY____RCMS_CONTENT_BOUNDARY____RCMS_CONTENT_BOUNDARY____RCMS_CONTENT_BOUNDARY____RCMS_CONTENT_BOUNDARY____RCMS_CONTENT_BOUNDARY__,__RCMS_CONTENT_BOUNDARY____RCMS_CONTENT_BOUNDARY____RCMS_CONTENT_BOUNDARY____RCMS_CONTENT_BOUNDARY____RCMS_CONTENT_BOUNDARY____RCMS_CONTENT_BOUNDARY____RCMS_CONTENT_BOUNDARY____RCMS_CONTENT_BOUNDARY____RCMS_CONTENT_BOUNDARY____RCMS_CONTENT_BOUNDARY____RCMS_CONTENT_BOUNDARY____RCMS_CONTENT_BOUNDARY____RCMS_CONTENT_BOUNDARY____RCMS_CONTENT_BOUNDARY__,__RCMS_CONTENT_BOUNDARY____RCMS_CONTENT_BOUNDARY____RCMS_CONTENT_BOUNDARY____RCMS_CONTENT_BOUNDARY____RCMS_CONTENT_BOUNDARY____RCMS_CONTENT_BOUNDARY____RCMS_CONTENT_BOUNDARY____RCMS_CONTENT_BOUNDARY____RCMS_CONTENT_BOUNDARY____RCMS_CONTENT_BOUNDARY____RCMS_CONTENT_BOUNDARY____RCMS_CONTENT_BOUNDARY____RCMS_CONTENT_BOUNDARY____RCMS_CONTENT_BOUNDARY__,__RCMS_CONTENT_BOUNDARY____RCMS_CONTENT_BOUNDARY____RCMS_CONTENT_BOUNDARY____RCMS_CONTENT_BOUNDARY____RCMS_CONTENT_BOUNDARY____RCMS_CONTENT_BOUNDARY____RCMS_CONTENT_BOUNDARY____RCMS_CONTENT_BOUNDARY____RCMS_CONTENT_BOUNDARY____RCMS_CONTENT_BOUNDARY____RCMS_CONTENT_BOUNDARY____RCMS_CONTENT_BOUNDARY____RCMS_CONTENT_BOUNDARY____RCMS_CONTENT_BOUNDARY__,,,,,乗船人数 50組,0,,AA,123787220,472340182,34.38856,131.2031891,2023-09-13 01:49:25.292672+09,2024-02-13 11:34:03.669774+09,1,0,,1826,ja,0,,,,,"スポット・体験,お祭り・伝統行事,イベント"
【DB】Event イベント,183331,6d4b4a68-7fc4-44ba-9e1e-404825162601,1,0,イベント,波佐見陶器まつり,,ハサミトウキマツリ,-,波佐見陶器まつり,42323ba2212059734,42323,2024-04-29T00:00:00+09:00,2024-05-05T00:00:00+09:00,日付,,,--,時間 09:00〜17:00,"例年30万人近い観光客が訪れる長崎県内最大の陶器まつり。生地鋳込み体験（無料）絵付体験（有料）などの多彩なイベントも行われます。波佐見町のイベントに参加して色んな波佐見を切り撮って応募しよう。

時間 09:00〜17:00
開催地 やきもの公園
来場者数 240,000人",,なし,,,,やきもの公園,859-3711,長崎県,東彼杵郡波佐見町,長崎県東彼杵郡波佐見町井石郷2255-2,,佐世保・平戸,"西九州自動車道　波佐見・有田IC 車 5分
JR川棚駅 バス 20分
長崎自動車道　嬉野IC 車 15分",,波佐見陶器まつり協会__RCMS_CONTENT_BOUNDARY____RCMS_CONTENT_BOUNDARY____RCMS_CONTENT_BOUNDARY____RCMS_CONTENT_BOUNDARY__,0956-85-2214,,,,,"{""url"":"""",""title"":""""}__RCMS_CONTENT_BOUNDARY__null__RCMS_CONTENT_BOUNDARY__null__RCMS_CONTENT_BOUNDARY__null__RCMS_CONTENT_BOUNDARY__null__RCMS_CONTENT_BOUNDARY__null__RCMS_CONTENT_BOUNDARY__null__RCMS_CONTENT_BOUNDARY__null__RCMS_CONTENT_BOUNDARY__null__RCMS_CONTENT_BOUNDARY__null",,,,,,PATH::183331_ext_30_0.jpg__RCMS_CONTENT_BOUNDARY__PATH::183331_ext_30_1.jpg__RCMS_CONTENT_BOUNDARY____RCMS_CONTENT_BOUNDARY____RCMS_CONTENT_BOUNDARY____RCMS_CONTENT_BOUNDARY____RCMS_CONTENT_BOUNDARY____RCMS_CONTENT_BOUNDARY____RCMS_CONTENT_BOUNDARY____RCMS_CONTENT_BOUNDARY____RCMS_CONTENT_BOUNDARY____RCMS_CONTENT_BOUNDARY____RCMS_CONTENT_BOUNDARY____RCMS_CONTENT_BOUNDARY____RCMS_CONTENT_BOUNDARY__,波佐見陶器まつり__RCMS_CONTENT_BOUNDARY__,__RCMS_CONTENT_BOUNDARY__,__RCMS_CONTENT_BOUNDARY__,,,,,"240,000人",0,,AA,119301743,467676634,33.1426986,129.9078974,2023-09-13 01:41:26.651525+09,2024-02-13 14:53:49.068601+09,1,0,,1826,ja,0,,,,,"スポット・体験,お祭り・伝統行事,イベント,GW"
【DB】Event イベント,183450,38c2afe8-f5fa-4418-a242-63f5cda7e8f6,1,0,イベント,西寒多神社ふじまつり,,ササムタジンジャフジマツリ,-,西寒多神社ふじまつり,44201ba2210122177,44201,2024-04-10T00:00:00+09:00,2024-04-30T00:00:00+09:00,上中下旬,,,--,開催 2024年4月上旬〜4月下旬 ※開花状況により変動,"西寒多神社の「ふじ」は、樹齢およそ450年を重ね、昭和49年には大分市の天然記念物に指定されています。幹周りは約230cm、枝は約350cmに広がり枝垂れた花はその香りとともに訪れた人を魅了します。また、境内に続く神苑では樹齢100年を越える平戸つつじ（数百株）も併せて見頃を迎えます。期間中は御神楽の奉納があり、特に4月29日には神社にて「藤まつり大祭式」が行われ、昼からは御神楽の奉納があり花の盛りをお祝いしています。また開花に併せて夜間ライトアップも近年行われており、闇夜に浮かぶ藤の姿を鑑賞される方も多くなってきています。（期間は花の開花状況によって変わりますので神社HPをご確認ください）

開催 2024年4月上旬〜4月下旬 ※開花状況により変動
開催地 西寒多神社 
来場者数 10,000人",,なし,,,,西寒多神社,870-1123,大分県,大分市,大分県大分市寒田1644番地,,大分・臼杵,"光吉ICより 車 10分 【ナビ利用者の方へ】
ナビに住所を入力して、ご来社ください。所在地:大分県大分市寒田1644番地。なお、不明な点等がありましたら、神社にお問い合わせください。
電話:097-569-4182
「ふじが丘南」バス停 徒歩 15分",,西寒多神社__RCMS_CONTENT_BOUNDARY____RCMS_CONTENT_BOUNDARY____RCMS_CONTENT_BOUNDARY____RCMS_CONTENT_BOUNDARY__,097-569-4182,,097-569-4182,,,"{""url"":"""",""title"":""""}__RCMS_CONTENT_BOUNDARY__null__RCMS_CONTENT_BOUNDARY__null__RCMS_CONTENT_BOUNDARY__null__RCMS_CONTENT_BOUNDARY__null__RCMS_CONTENT_BOUNDARY__null__RCMS_CONTENT_BOUNDARY__null__RCMS_CONTENT_BOUNDARY__null__RCMS_CONTENT_BOUNDARY__null__RCMS_CONTENT_BOUNDARY__null",,,,,,PATH::183450_ext_30_0.jpg__RCMS_CONTENT_BOUNDARY____RCMS_CONTENT_BOUNDARY____RCMS_CONTENT_BOUNDARY____RCMS_CONTENT_BOUNDARY____RCMS_CONTENT_BOUNDARY____RCMS_CONTENT_BOUNDARY____RCMS_CONTENT_BOUNDARY____RCMS_CONTENT_BOUNDARY____RCMS_CONTENT_BOUNDARY____RCMS_CONTENT_BOUNDARY____RCMS_CONTENT_BOUNDARY____RCMS_CONTENT_BOUNDARY____RCMS_CONTENT_BOUNDARY____RCMS_CONTENT_BOUNDARY__,,,,,,,,"10,000人",0,,AA,119409880,473762990,33.1727661,131.5984097,2023-09-13 01:49:25.292672+09,2024-02-13 14:51:31.80782+09,1,0,,1826,ja,0,,,,,"スポット・体験,お祭り・伝統行事,イベント,春,GW"
【DB】Event イベント,179558,deb579e8-ca27-443f-a01f-00fe44c4847f,1,0,イベント,くしら桜まつり,,クシラサクラマツリ,KUSHIRA Cherry Blossom Festival,くしら桜まつり,46481ba2210135725,46203,2024-04-01T00:00:00+09:00,2024-04-01T00:00:00+09:00,上中下旬,8:00,21:00,通年実施,開催 2024年4月上旬 08:00〜21:00 春,"地元高校生による吹奏楽の演奏やステージショー、スポーツイベントなど多彩なイベントが開催。桜祭り用の花見弁当も販売されます。
夜には、提灯が点灯され夜桜も楽しめます。
7日（日）には、「くしら桜まつりジョギング大会」も開催。
1キロ、2.5キロ、5キロ、10キロの4種目があり、沿道の声援を受けながら、満開の桜並木を走り抜けます。

開催 2024年4月上旬  08:00〜21:00  春 
開催地 串良町平和公園 
時期 4月上旬 
観覧者数（年間） 約1万人",,なし,,,,串良町平和公園,893-1602,鹿児島県,鹿屋市,鹿児島県鹿屋市串良平和公園,,大隅半島・佐多岬,串良総合支所 車 10分,,桜まつり実行委員会__RCMS_CONTENT_BOUNDARY____RCMS_CONTENT_BOUNDARY____RCMS_CONTENT_BOUNDARY____RCMS_CONTENT_BOUNDARY__,0994-63-3114__RCMS_CONTENT_BOUNDARY____RCMS_CONTENT_BOUNDARY____RCMS_CONTENT_BOUNDARY____RCMS_CONTENT_BOUNDARY__,__RCMS_CONTENT_BOUNDARY____RCMS_CONTENT_BOUNDARY____RCMS_CONTENT_BOUNDARY____RCMS_CONTENT_BOUNDARY__,0994-63-5565__RCMS_CONTENT_BOUNDARY____RCMS_CONTENT_BOUNDARY____RCMS_CONTENT_BOUNDARY____RCMS_CONTENT_BOUNDARY__,__RCMS_CONTENT_BOUNDARY____RCMS_CONTENT_BOUNDARY____RCMS_CONTENT_BOUNDARY____RCMS_CONTENT_BOUNDARY__,__RCMS_CONTENT_BOUNDARY____RCMS_CONTENT_BOUNDARY____RCMS_CONTENT_BOUNDARY____RCMS_CONTENT_BOUNDARY__,"{""url"":"""",""title"":""""}__RCMS_CONTENT_BOUNDARY__{""url"":"""",""title"":""""}__RCMS_CONTENT_BOUNDARY__{""url"":"""",""title"":""""}__RCMS_CONTENT_BOUNDARY__{""url"":"""",""title"":""""}__RCMS_CONTENT_BOUNDARY__{""url"":"""",""title"":""""}__RCMS_CONTENT_BOUNDARY__{""url"":"""",""title"":""""}__RCMS_CONTENT_BOUNDARY__{""url"":"""",""title"":""""}__RCMS_CONTENT_BOUNDARY__{""url"":"""",""title"":""""}__RCMS_CONTENT_BOUNDARY__{""url"":"""",""title"":""""}__RCMS_CONTENT_BOUNDARY__{""url"":"""",""title"":""""}",,,,,,PATH::179558_ext_30_0.jpg__RCMS_CONTENT_BOUNDARY__PATH::179558_ext_30_1.jpg__RCMS_CONTENT_BOUNDARY__PATH::179558_ext_30_2.jpg__RCMS_CONTENT_BOUNDARY__PATH::179558_ext_30_3.jpg__RCMS_CONTENT_BOUNDARY__PATH::179558_ext_30_4.jpg__RCMS_CONTENT_BOUNDARY__PATH::179558_ext_30_5.jpg__RCMS_CONTENT_BOUNDARY__PATH::179558_ext_30_6.jpg__RCMS_CONTENT_BOUNDARY__PATH::179558_ext_30_7.jpg__RCMS_CONTENT_BOUNDARY____RCMS_CONTENT_BOUNDARY____RCMS_CONTENT_BOUNDARY____RCMS_CONTENT_BOUNDARY____RCMS_CONTENT_BOUNDARY____RCMS_CONTENT_BOUNDARY____RCMS_CONTENT_BOUNDARY__,__RCMS_CONTENT_BOUNDARY____RCMS_CONTENT_BOUNDARY____RCMS_CONTENT_BOUNDARY____RCMS_CONTENT_BOUNDARY____RCMS_CONTENT_BOUNDARY____RCMS_CONTENT_BOUNDARY____RCMS_CONTENT_BOUNDARY____RCMS_CONTENT_BOUNDARY____RCMS_CONTENT_BOUNDARY____RCMS_CONTENT_BOUNDARY____RCMS_CONTENT_BOUNDARY____RCMS_CONTENT_BOUNDARY____RCMS_CONTENT_BOUNDARY____RCMS_CONTENT_BOUNDARY__,__RCMS_CONTENT_BOUNDARY____RCMS_CONTENT_BOUNDARY____RCMS_CONTENT_BOUNDARY____RCMS_CONTENT_BOUNDARY____RCMS_CONTENT_BOUNDARY____RCMS_CONTENT_BOUNDARY____RCMS_CONTENT_BOUNDARY____RCMS_CONTENT_BOUNDARY____RCMS_CONTENT_BOUNDARY____RCMS_CONTENT_BOUNDARY____RCMS_CONTENT_BOUNDARY____RCMS_CONTENT_BOUNDARY____RCMS_CONTENT_BOUNDARY____RCMS_CONTENT_BOUNDARY__,__RCMS_CONTENT_BOUNDARY____RCMS_CONTENT_BOUNDARY____RCMS_CONTENT_BOUNDARY____RCMS_CONTENT_BOUNDARY____RCMS_CONTENT_BOUNDARY____RCMS_CONTENT_BOUNDARY____RCMS_CONTENT_BOUNDARY____RCMS_CONTENT_BOUNDARY____RCMS_CONTENT_BOUNDARY____RCMS_CONTENT_BOUNDARY____RCMS_CONTENT_BOUNDARY____RCMS_CONTENT_BOUNDARY____RCMS_CONTENT_BOUNDARY____RCMS_CONTENT_BOUNDARY__,,,,,,0,,CC,113084000,471354650,31.4157403,130.9295149,2023-09-12 01:00:15.250048+09,2024-02-08 13:14:49.291636+09,1,0,,1740,ja,0,,,,,"スポット・体験,お祭り・伝統行事,イベント,春,おすすめ"
【DB】Event イベント,206385,de0bc5d5-d40c-429b-9539-d111d16f17d3,1,0,イベント,浜松市姫様道中,,ハママツシヒメサマドウチュウ,The Princess Procession Festival  (Hime-sama Dochu),浜松市姫様道中,22130ba2212056415,22130,2024-03-30T00:00:00+09:00,2024-03-30T00:00:00+09:00,日付,10:00,15:30,--,開催 2024年3月30日（土）,"江戸時代の初め、新居関は「入鉄砲に出女」に対する取調べが厳重だったため諸国の姫様が好んで通った姫街道の往時を再現した行事。「姫様道中」では、かごに乗ったお姫様が侍、局、腰元、奴などを従え、都田川桜堤を古式ゆかしく練り歩きます。


開催 2024年3月30日  (土) 
開催地 細江町気賀 浜松市気賀関所周辺ほか",,なし,,浜松市姫様道中実行委員会,,細江町気賀 浜松市気賀関所周辺ほか,431-1305,静岡県,浜松市,静岡県浜松市浜名区細江町気賀,,浜松・浜名湖,天竜浜名湖鉄道気賀駅 徒歩 3分,"専用駐車場：1,000台（500円/1台）
・浜松市浜名区細江町気賀5200-5
・利用時間　9:00-16:00
※駐車場から会場まで、シャトルバス運行",浜松市姫様道中実行委員会__RCMS_CONTENT_BOUNDARY____RCMS_CONTENT_BOUNDARY____RCMS_CONTENT_BOUNDARY____RCMS_CONTENT_BOUNDARY__,070-8578-1335,,,himesama@himekaido.com,開設時間：10:00-16:00,"{""url"":"""",""title"":""""}__RCMS_CONTENT_BOUNDARY__null__RCMS_CONTENT_BOUNDARY__null__RCMS_CONTENT_BOUNDARY__null__RCMS_CONTENT_BOUNDARY__null__RCMS_CONTENT_BOUNDARY__null__RCMS_CONTENT_BOUNDARY__null__RCMS_CONTENT_BOUNDARY__null__RCMS_CONTENT_BOUNDARY__null__RCMS_CONTENT_BOUNDARY__null",,,,,,PATH::206385_ext_30_0.jpg__RCMS_CONTENT_BOUNDARY____RCMS_CONTENT_BOUNDARY____RCMS_CONTENT_BOUNDARY____RCMS_CONTENT_BOUNDARY____RCMS_CONTENT_BOUNDARY____RCMS_CONTENT_BOUNDARY____RCMS_CONTENT_BOUNDARY____RCMS_CONTENT_BOUNDARY____RCMS_CONTENT_BOUNDARY____RCMS_CONTENT_BOUNDARY____RCMS_CONTENT_BOUNDARY____RCMS_CONTENT_BOUNDARY____RCMS_CONTENT_BOUNDARY____RCMS_CONTENT_BOUNDARY__,,,,,,,,,0,,AA,125298050,495555379,34.8083084,137.6512561,2023-09-19 00:53:17.487533+09,2024-02-08 12:10:38.428376+09,1,0,,1008,ja,0,2024/2/8,12:10,2024/3/31,12:10,"スポット・体験,お祭り・伝統行事,イベント"
【DB】Event イベント,203942,bc173e25-c85a-4fea-aede-f5bf824c8cc1,1,0,イベント,矢部の綱かけ,,ヤベノツナカケ,Yabe-no-Tsunakake,矢部の綱かけ,29363ba2212044993,29363,2024-05-05T00:00:00+09:00,2024-05-05T00:00:00+09:00,日付,,,--,開催 2023年5月5日 毎年同日,"毎年5月5日に、矢部の集落で行われている風習。米や麦が豊作でありますように、また邪霊がこの村に入らないようにと祈願するお祭りです。地域の人々が巨大な綱を持って集落内を練り歩いたあと、集落の南端にある2本の木の間に綱を掛けることで祈願します。翌年には新しい綱が作られ、前年のものと掛け替えられます。当屋（とや）制度や伝承方法など、今日まで大切に受け継がれている行事です。

開催 2023年5月5日  毎年同日
開催地 矢部地区 
観覧者数（年間） 50〜100人",,なし,,,,矢部地区,636-0346,奈良県,磯城郡田原本町,奈良県磯城郡田原本町矢部,,山の辺の道に沿って,京奈和自動車道三宅IC 車 10分,,一般社団法人田原本まちづくり観光振興機構__RCMS_CONTENT_BOUNDARY____RCMS_CONTENT_BOUNDARY____RCMS_CONTENT_BOUNDARY____RCMS_CONTENT_BOUNDARY__,0744-33-4560__RCMS_CONTENT_BOUNDARY____RCMS_CONTENT_BOUNDARY____RCMS_CONTENT_BOUNDARY____RCMS_CONTENT_BOUNDARY__,__RCMS_CONTENT_BOUNDARY____RCMS_CONTENT_BOUNDARY____RCMS_CONTENT_BOUNDARY____RCMS_CONTENT_BOUNDARY__,__RCMS_CONTENT_BOUNDARY____RCMS_CONTENT_BOUNDARY____RCMS_CONTENT_BOUNDARY____RCMS_CONTENT_BOUNDARY__,__RCMS_CONTENT_BOUNDARY____RCMS_CONTENT_BOUNDARY____RCMS_CONTENT_BOUNDARY____RCMS_CONTENT_BOUNDARY__,__RCMS_CONTENT_BOUNDARY____RCMS_CONTENT_BOUNDARY____RCMS_CONTENT_BOUNDARY____RCMS_CONTENT_BOUNDARY__,"{""url"":""https://tawaramoton.com/"",""title"":""矢部の綱かけ""}__RCMS_CONTENT_BOUNDARY__{""url"":"""",""title"":""""}__RCMS_CONTENT_BOUNDARY__{""url"":"""",""title"":""""}__RCMS_CONTENT_BOUNDARY__{""url"":"""",""title"":""""}__RCMS_CONTENT_BOUNDARY__{""url"":"""",""title"":""""}__RCMS_CONTENT_BOUNDARY__{""url"":"""",""title"":""""}__RCMS_CONTENT_BOUNDARY__{""url"":"""",""title"":""""}__RCMS_CONTENT_BOUNDARY__{""url"":"""",""title"":""""}__RCMS_CONTENT_BOUNDARY__{""url"":"""",""title"":""""}__RCMS_CONTENT_BOUNDARY__{""url"":"""",""title"":""""}",,,,,,PATH::203942_ext_30_0.jpg__RCMS_CONTENT_BOUNDARY____RCMS_CONTENT_BOUNDARY____RCMS_CONTENT_BOUNDARY____RCMS_CONTENT_BOUNDARY____RCMS_CONTENT_BOUNDARY____RCMS_CONTENT_BOUNDARY____RCMS_CONTENT_BOUNDARY____RCMS_CONTENT_BOUNDARY____RCMS_CONTENT_BOUNDARY____RCMS_CONTENT_BOUNDARY____RCMS_CONTENT_BOUNDARY____RCMS_CONTENT_BOUNDARY____RCMS_CONTENT_BOUNDARY____RCMS_CONTENT_BOUNDARY__,__RCMS_CONTENT_BOUNDARY____RCMS_CONTENT_BOUNDARY____RCMS_CONTENT_BOUNDARY____RCMS_CONTENT_BOUNDARY____RCMS_CONTENT_BOUNDARY____RCMS_CONTENT_BOUNDARY____RCMS_CONTENT_BOUNDARY____RCMS_CONTENT_BOUNDARY____RCMS_CONTENT_BOUNDARY____RCMS_CONTENT_BOUNDARY____RCMS_CONTENT_BOUNDARY____RCMS_CONTENT_BOUNDARY____RCMS_CONTENT_BOUNDARY____RCMS_CONTENT_BOUNDARY__,__RCMS_CONTENT_BOUNDARY____RCMS_CONTENT_BOUNDARY____RCMS_CONTENT_BOUNDARY____RCMS_CONTENT_BOUNDARY____RCMS_CONTENT_BOUNDARY____RCMS_CONTENT_BOUNDARY____RCMS_CONTENT_BOUNDARY____RCMS_CONTENT_BOUNDARY____RCMS_CONTENT_BOUNDARY____RCMS_CONTENT_BOUNDARY____RCMS_CONTENT_BOUNDARY____RCMS_CONTENT_BOUNDARY____RCMS_CONTENT_BOUNDARY____RCMS_CONTENT_BOUNDARY__,__RCMS_CONTENT_BOUNDARY____RCMS_CONTENT_BOUNDARY____RCMS_CONTENT_BOUNDARY____RCMS_CONTENT_BOUNDARY____RCMS_CONTENT_BOUNDARY____RCMS_CONTENT_BOUNDARY____RCMS_CONTENT_BOUNDARY____RCMS_CONTENT_BOUNDARY____RCMS_CONTENT_BOUNDARY____RCMS_CONTENT_BOUNDARY____RCMS_CONTENT_BOUNDARY____RCMS_CONTENT_BOUNDARY____RCMS_CONTENT_BOUNDARY____RCMS_CONTENT_BOUNDARY__,,,,,,0,,BB,124341584,488822256,34.5425966,135.7811111,2023-09-18 23:47:17.95464+09,2024-02-09 10:20:42.965611+09,1,0,,1280,ja,0,,,,,"スポット・体験,お祭り・伝統行事,イベント,GW"
【DB】Event イベント,204505,2cb83713-1af4-4a39-8e63-9107fab64c7c,1,0,イベント,大湯温泉雪まつり,,オオユオンセンユキマツリ,Oyu Onsen Snow Festival,大湯温泉雪まつり,05209ba2210124040,05209,2024-02-11T00:00:00+09:00,2024-02-11T00:00:00+09:00,日付,,,--,"開催 2024年2月11日
打ち上げ花火は悪天候の場合2月12日19:00〜に変更","秋田県鹿角市にある大湯温泉郷で例年2月に開催される冬のイベント。雪中宝探し大会や餅まき、クイズ大会など冬を楽しめる様々な催しを実施します。冬の夜空に打ち上げられる大花火は迫力満点です。是非ご家族でいらしてください。

開催 2024年2月11日 
打ち上げ花火は悪天候の場合2月12日19:00〜に変更
開催地 鹿角市十和田大湯 
時期 2月10・11日 
観覧者数（年間） 15,000人（平成31年）",,なし,,,,鹿角市十和田大湯,018-5421,秋田県,鹿角市,秋田県鹿角市十和田　大湯字大湯,,八幡平,十和田IC 車 15分,,大湯温泉雪まつり実行委員会__RCMS_CONTENT_BOUNDARY____RCMS_CONTENT_BOUNDARY____RCMS_CONTENT_BOUNDARY____RCMS_CONTENT_BOUNDARY__,0186-37-2378,,0186-22-3326,o-yuonsen@ink.or.jp,,"{""url"":"""",""title"":""""}__RCMS_CONTENT_BOUNDARY__null__RCMS_CONTENT_BOUNDARY__null__RCMS_CONTENT_BOUNDARY__null__RCMS_CONTENT_BOUNDARY__null__RCMS_CONTENT_BOUNDARY__null__RCMS_CONTENT_BOUNDARY__null__RCMS_CONTENT_BOUNDARY__null__RCMS_CONTENT_BOUNDARY__null__RCMS_CONTENT_BOUNDARY__null",,,,,,PATH::204505_ext_30_0.jpg__RCMS_CONTENT_BOUNDARY____RCMS_CONTENT_BOUNDARY____RCMS_CONTENT_BOUNDARY____RCMS_CONTENT_BOUNDARY____RCMS_CONTENT_BOUNDARY____RCMS_CONTENT_BOUNDARY____RCMS_CONTENT_BOUNDARY____RCMS_CONTENT_BOUNDARY____RCMS_CONTENT_BOUNDARY____RCMS_CONTENT_BOUNDARY____RCMS_CONTENT_BOUNDARY____RCMS_CONTENT_BOUNDARY____RCMS_CONTENT_BOUNDARY____RCMS_CONTENT_BOUNDARY__,__RCMS_CONTENT_BOUNDARY____RCMS_CONTENT_BOUNDARY__,__RCMS_CONTENT_BOUNDARY____RCMS_CONTENT_BOUNDARY__,__RCMS_CONTENT_BOUNDARY____RCMS_CONTENT_BOUNDARY__,,,,,,0,,BB,145044110,507011160,40.2927686,140.8328946,2023-09-19 00:02:17.908697+09,2024-02-09 14:33:39.693898+09,1,0,,334,ja,0,,,,,"スポット・体験,バリアフリー対応,お祭り・伝統行事,イベント"
【DB】Event イベント,206026,dde2425b-a86f-4c1a-ad13-eb896ef3d83d,1,0,イベント,明石公園冬の食三昧市,,アカシコウエンフユノショクザンマイイチ,akashi kouen fuyuno syokuzanmaiiti,,28203ba2219723959,28203,2024-02-23T00:00:00+09:00,2024-02-25T00:00:00+09:00,日付,10:00,16:00,--,,"明石公園冬の食三昧市2024が明石公園にて開催されます。
カキ、フグを使った冬の味覚が料理の他に、県内外各地ご当地グルメ等も出展します。
食の他にもステージでの催しや縁日屋台コーナー等大人から子供まで楽しめるイベントとなっております。",,なし,,,,明石公園　西芝生広場周辺,673-0847,兵庫県,明石市,兵庫県明石市明石公園1-27,,須磨・西神・明石,"JR・山陽「明石駅」から徒歩約5分
第二神明高速道路「大蔵谷IC]より約10分",有料,食三昧市実行委員会__RCMS_CONTENT_BOUNDARY____RCMS_CONTENT_BOUNDARY____RCMS_CONTENT_BOUNDARY____RCMS_CONTENT_BOUNDARY__,078-220-8352__RCMS_CONTENT_BOUNDARY____RCMS_CONTENT_BOUNDARY____RCMS_CONTENT_BOUNDARY____RCMS_CONTENT_BOUNDARY__,__RCMS_CONTENT_BOUNDARY____RCMS_CONTENT_BOUNDARY____RCMS_CONTENT_BOUNDARY____RCMS_CONTENT_BOUNDARY__,__RCMS_CONTENT_BOUNDARY____RCMS_CONTENT_BOUNDARY____RCMS_CONTENT_BOUNDARY____RCMS_CONTENT_BOUNDARY__,__RCMS_CONTENT_BOUNDARY____RCMS_CONTENT_BOUNDARY____RCMS_CONTENT_BOUNDARY____RCMS_CONTENT_BOUNDARY__,__RCMS_CONTENT_BOUNDARY____RCMS_CONTENT_BOUNDARY____RCMS_CONTENT_BOUNDARY____RCMS_CONTENT_BOUNDARY__,"{""url"":""https://www.facebook.com/events/1033172434440592/"",""title"":""明石公園冬の食三昧市2024 | Facebook""}__RCMS_CONTENT_BOUNDARY__{""url"":"""",""title"":""""}__RCMS_CONTENT_BOUNDARY__{""url"":"""",""title"":""""}__RCMS_CONTENT_BOUNDARY__{""url"":"""",""title"":""""}__RCMS_CONTENT_BOUNDARY__{""url"":"""",""title"":""""}__RCMS_CONTENT_BOUNDARY__{""url"":"""",""title"":""""}__RCMS_CONTENT_BOUNDARY__{""url"":"""",""title"":""""}__RCMS_CONTENT_BOUNDARY__{""url"":"""",""title"":""""}__RCMS_CONTENT_BOUNDARY__{""url"":"""",""title"":""""}__RCMS_CONTENT_BOUNDARY__{""url"":"""",""title"":""""}",,,,,,PATH::206026_ext_30_0.jpg__RCMS_CONTENT_BOUNDARY__PATH::206026_ext_30_1.jpg__RCMS_CONTENT_BOUNDARY____RCMS_CONTENT_BOUNDARY____RCMS_CONTENT_BOUNDARY____RCMS_CONTENT_BOUNDARY____RCMS_CONTENT_BOUNDARY____RCMS_CONTENT_BOUNDARY____RCMS_CONTENT_BOUNDARY____RCMS_CONTENT_BOUNDARY____RCMS_CONTENT_BOUNDARY____RCMS_CONTENT_BOUNDARY____RCMS_CONTENT_BOUNDARY____RCMS_CONTENT_BOUNDARY____RCMS_CONTENT_BOUNDARY__,明石公園冬の食三昧市2024 チラシ表__RCMS_CONTENT_BOUNDARY__明石公園冬の食三昧市2024　チラシ裏__RCMS_CONTENT_BOUNDARY____RCMS_CONTENT_BOUNDARY____RCMS_CONTENT_BOUNDARY____RCMS_CONTENT_BOUNDARY____RCMS_CONTENT_BOUNDARY____RCMS_CONTENT_BOUNDARY____RCMS_CONTENT_BOUNDARY____RCMS_CONTENT_BOUNDARY____RCMS_CONTENT_BOUNDARY____RCMS_CONTENT_BOUNDARY____RCMS_CONTENT_BOUNDARY____RCMS_CONTENT_BOUNDARY____RCMS_CONTENT_BOUNDARY__,__RCMS_CONTENT_BOUNDARY____RCMS_CONTENT_BOUNDARY____RCMS_CONTENT_BOUNDARY____RCMS_CONTENT_BOUNDARY____RCMS_CONTENT_BOUNDARY____RCMS_CONTENT_BOUNDARY____RCMS_CONTENT_BOUNDARY____RCMS_CONTENT_BOUNDARY____RCMS_CONTENT_BOUNDARY____RCMS_CONTENT_BOUNDARY____RCMS_CONTENT_BOUNDARY____RCMS_CONTENT_BOUNDARY____RCMS_CONTENT_BOUNDARY____RCMS_CONTENT_BOUNDARY__,__RCMS_CONTENT_BOUNDARY____RCMS_CONTENT_BOUNDARY____RCMS_CONTENT_BOUNDARY____RCMS_CONTENT_BOUNDARY____RCMS_CONTENT_BOUNDARY____RCMS_CONTENT_BOUNDARY____RCMS_CONTENT_BOUNDARY____RCMS_CONTENT_BOUNDARY____RCMS_CONTENT_BOUNDARY____RCMS_CONTENT_BOUNDARY____RCMS_CONTENT_BOUNDARY____RCMS_CONTENT_BOUNDARY____RCMS_CONTENT_BOUNDARY____RCMS_CONTENT_BOUNDARY__,,,,,,0,,CC,124736660,485978101,34.6523254,134.9911517,2023-09-19 00:46:16.26729+09,2024-02-09 15:26:31.319362+09,1,0,,1222,ja,0,,,,,"駐車場有り,スポット・体験,イベント,食の体験"
【DB】Event イベント,183548,4d7ba827-0ddd-40e4-b5fb-122f8615e90e,1,0,イベント,宗忠神社の御神幸,,ムネタダジンジャノゴシンコウ,-,宗忠神社の御神幸,33201ba2210136318,33100,2024-04-07T00:00:00+09:00,2024-04-07T00:00:00+09:00,日付,,,--,開催 毎年4月第1日曜日 08:00〜15:00,"御鳳輦（ごほうれん、御祭神・宗忠大神を遷した御輿）を中心に、八百余人が1キロにわたる大行列を成し、宗忠神社から御旅所である岡山後楽園を往復します。
岡山の春を彩る絢爛豪華な時代絵巻を、ぜひご覧ください。

開催 毎年4月第1日曜日 08:00〜15:00
開催地 宗忠神社〜後楽園",,なし,,,,宗忠神社?後楽園,700-0972,岡山県,岡山市北区,岡山県岡山市北区上中野1-3-10,,岡山・吉備路,JR大元駅 徒歩 15分,,宗忠神社__RCMS_CONTENT_BOUNDARY____RCMS_CONTENT_BOUNDARY____RCMS_CONTENT_BOUNDARY____RCMS_CONTENT_BOUNDARY__,086-241-0148,,,,,"{""url"":""https://www.munetada.jp/"",""title"":""宗忠神社の御神幸""}__RCMS_CONTENT_BOUNDARY__null__RCMS_CONTENT_BOUNDARY__null__RCMS_CONTENT_BOUNDARY__null__RCMS_CONTENT_BOUNDARY__null__RCMS_CONTENT_BOUNDARY__null__RCMS_CONTENT_BOUNDARY__null__RCMS_CONTENT_BOUNDARY__null__RCMS_CONTENT_BOUNDARY__null__RCMS_CONTENT_BOUNDARY__null",,,,,,PATH::183548_ext_30_0.jpg__RCMS_CONTENT_BOUNDARY____RCMS_CONTENT_BOUNDARY____RCMS_CONTENT_BOUNDARY____RCMS_CONTENT_BOUNDARY____RCMS_CONTENT_BOUNDARY____RCMS_CONTENT_BOUNDARY____RCMS_CONTENT_BOUNDARY____RCMS_CONTENT_BOUNDARY____RCMS_CONTENT_BOUNDARY____RCMS_CONTENT_BOUNDARY____RCMS_CONTENT_BOUNDARY____RCMS_CONTENT_BOUNDARY____RCMS_CONTENT_BOUNDARY____RCMS_CONTENT_BOUNDARY__,宗忠神社の御神幸,,,,,,,,0,,AA,124711700,482055610,34.6453707,133.9016794,2023-09-13 01:49:25.292672+09,2024-02-13 15:33:26.242556+09,1,0,,1826,ja,0,,,,,"スポット・体験,お祭り・伝統行事,イベント"
【DB】Event イベント,2449,229e487b-b30a-4288-ab31-61893809aa5e,1,500,紅葉,高千穂峡の紅葉,,タカチホキョウ,,高千穂峡の紅葉,K4502,,2023-11-11T00:00:00+09:00,2023-11-30T00:00:00+09:00,上中下旬,,,--,,"カエデ、モミジ、ケヤキ、ナラ、ハゼ、イチョウ、クヌギが紅葉します。高千穂町は標高が約200mから1,756m間に位置するため紅葉の期間も長く、秋季には雲海に包まれ、これが消える頃の紅葉との調和は素晴らしく見ごたえがあります。また、高千穂峡はボート遊覧もでき、柱状節理の岩中の紅葉も格別です。
最盛期：11月中旬〜11月下旬
色づき始め：11月上旬
紅葉植物の種類：モミジ、イチョウ、カエデ、ケヤキ、ナラ、ハゼ、クヌギ
その他情報：高千穂峡遊覧ボート　ボート受付時間　8：30〜16：30（料金や運行時間は要問合せ。高千穂町観光協会0982-73-1213）
おすすめスポット：水車小屋付近、神橋のブナとモミジ",,なし,,,,,882-1101,宮崎県,西臼杵郡高千穂町,宮崎県高千穂町大字三田井御塩井,,,"九州道松橋ICから国道218号経由約1時間30分
九州道益城熊本空港ICから国道325号経由約1時間40分
宮交バスセンターから車約5分
",有料,高千穂町観光協会__RCMS_CONTENT_BOUNDARY__高千穂町　企画観光課__RCMS_CONTENT_BOUNDARY____RCMS_CONTENT_BOUNDARY____RCMS_CONTENT_BOUNDARY__,0982-73-1213__RCMS_CONTENT_BOUNDARY__0982-73-1212__RCMS_CONTENT_BOUNDARY____RCMS_CONTENT_BOUNDARY____RCMS_CONTENT_BOUNDARY__,__RCMS_CONTENT_BOUNDARY____RCMS_CONTENT_BOUNDARY____RCMS_CONTENT_BOUNDARY____RCMS_CONTENT_BOUNDARY__,__RCMS_CONTENT_BOUNDARY____RCMS_CONTENT_BOUNDARY____RCMS_CONTENT_BOUNDARY____RCMS_CONTENT_BOUNDARY__,__RCMS_CONTENT_BOUNDARY____RCMS_CONTENT_BOUNDARY____RCMS_CONTENT_BOUNDARY____RCMS_CONTENT_BOUNDARY__,__RCMS_CONTENT_BOUNDARY__,"{""url"":""https://takachiho-kanko.info/"",""title"":""高千穂峡""}__RCMS_CONTENT_BOUNDARY__null__RCMS_CONTENT_BOUNDARY__null__RCMS_CONTENT_BOUNDARY__null",,,,,,PATH::2449_ext_30_0.jpg,高千穂峡の紅葉,高千穂町企画観光課,__RCMS_CONTENT_BOUNDARY____RCMS_CONTENT_BOUNDARY____RCMS_CONTENT_BOUNDARY____RCMS_CONTENT_BOUNDARY____RCMS_CONTENT_BOUNDARY____RCMS_CONTENT_BOUNDARY____RCMS_CONTENT_BOUNDARY____RCMS_CONTENT_BOUNDARY____RCMS_CONTENT_BOUNDARY____RCMS_CONTENT_BOUNDARY____RCMS_CONTENT_BOUNDARY____RCMS_CONTENT_BOUNDARY____RCMS_CONTENT_BOUNDARY____RCMS_CONTENT_BOUNDARY__,,,,,,0,,,117715198,472691563,32.7020591,131.3008293,2022-12-12 02:07:58.94898+09,2023-09-27 17:10:12.191072+09,1,0,,0,ja,0,,,,,"滝,夜間鑑賞・ライトアップ,季節イベント,紅葉,季節のお出かけ"
【DB】Event イベント,2386,b18149c3-b763-4567-8d63-2a384c43ee33,1,500,紅葉,三段峡（入口周辺）の紅葉,,サンダンキョウ（イリグチシュウヘン）,,三段峡（入口周辺）の紅葉,K3404,,2023-11-01T00:00:00+09:00,2023-11-10T00:00:00+09:00,上中下旬,,,--,,"多彩な美しさと雄大なスケールを持つ我が国屈指の名峡で、特別名勝に指定され、日本5大名峡のひとつに数えられています。原始林に深く切り込んだ峡中には、高さ40mにも及ぶ大岸壁や、滝・急流などが連続し、清流と紅葉がつくりだした見事な景観がとぎれなく続いています。三段峡入り口近くには切り立った絶壁と原生林、エメラルドグリーンの渓流や神秘的な景色が続いています。特徴的な黒淵や赤滝、姉妹滝などもあります。お急ぎの方は正面口だけでも一見の価値があります。世界遺産の宮島や原爆ドームに続き、フランスの「ブルーガイド」で三つ星を獲得しました。
最盛期：11月上旬
色づき始め：10月下旬
その他情報：正面口エリアには駐車場や飲食店、お土産店も並びます。三段峡ホテルでは日帰り温泉も楽しめる。
おすすめスポット：長淵、姉妹滝",,なし,,,,,731-3813,広島県,山県郡安芸太田町,広島県安芸太田町柴木,,,"中国道戸河内ICから国道191号経由約10分
広島バスセンターから三段峡行き高速バス約1時間15分終点下車（高速道経由）
広島バスセンターから三段峡行きバス約2時間終点下車（一般道経由）
",有料,（一社）地域商社あきおおた__RCMS_CONTENT_BOUNDARY__安芸太田町　産業観光課__RCMS_CONTENT_BOUNDARY____RCMS_CONTENT_BOUNDARY____RCMS_CONTENT_BOUNDARY__,0826-28-1800__RCMS_CONTENT_BOUNDARY__0826-28-1961__RCMS_CONTENT_BOUNDARY____RCMS_CONTENT_BOUNDARY____RCMS_CONTENT_BOUNDARY__,__RCMS_CONTENT_BOUNDARY____RCMS_CONTENT_BOUNDARY____RCMS_CONTENT_BOUNDARY____RCMS_CONTENT_BOUNDARY__,__RCMS_CONTENT_BOUNDARY____RCMS_CONTENT_BOUNDARY____RCMS_CONTENT_BOUNDARY____RCMS_CONTENT_BOUNDARY__,__RCMS_CONTENT_BOUNDARY____RCMS_CONTENT_BOUNDARY____RCMS_CONTENT_BOUNDARY____RCMS_CONTENT_BOUNDARY__,__RCMS_CONTENT_BOUNDARY__,"{""url"":""https://cs-akiota.or.jp/"",""title"":""三段峡（入口周辺）""}__RCMS_CONTENT_BOUNDARY__{""url"":""https://twitter.com/akioota_navi"",""title"":""@akioota_navi""}__RCMS_CONTENT_BOUNDARY__{""url"":""https://www.instagram.com/akiota_city_management_inc/"",""title"":""安芸太田町観光情報（一般社団法人地域商社あきおおた）""}__RCMS_CONTENT_BOUNDARY__{""url"":""https://www.facebook.com/AkiotaNavi"",""title"":""色づき情報ホームページ""}",,,,,,PATH::2386_ext_30_0.jpg,三段峡（入口周辺）の紅葉,__RCMS_CONTENT_BOUNDARY____RCMS_CONTENT_BOUNDARY____RCMS_CONTENT_BOUNDARY____RCMS_CONTENT_BOUNDARY____RCMS_CONTENT_BOUNDARY____RCMS_CONTENT_BOUNDARY____RCMS_CONTENT_BOUNDARY____RCMS_CONTENT_BOUNDARY____RCMS_CONTENT_BOUNDARY____RCMS_CONTENT_BOUNDARY____RCMS_CONTENT_BOUNDARY____RCMS_CONTENT_BOUNDARY____RCMS_CONTENT_BOUNDARY____RCMS_CONTENT_BOUNDARY__,__RCMS_CONTENT_BOUNDARY____RCMS_CONTENT_BOUNDARY____RCMS_CONTENT_BOUNDARY____RCMS_CONTENT_BOUNDARY____RCMS_CONTENT_BOUNDARY____RCMS_CONTENT_BOUNDARY____RCMS_CONTENT_BOUNDARY____RCMS_CONTENT_BOUNDARY____RCMS_CONTENT_BOUNDARY____RCMS_CONTENT_BOUNDARY____RCMS_CONTENT_BOUNDARY____RCMS_CONTENT_BOUNDARY____RCMS_CONTENT_BOUNDARY____RCMS_CONTENT_BOUNDARY__,,,,,,0,,,124548203,475957912,34.5999392,132.208026,2022-12-12 02:07:58.94898+09,2023-09-27 17:10:12.191072+09,1,0,,0,ja,0,,,,,"滝,季節イベント,紅葉,季節のお出かけ"
【DB】Event イベント,247,336eba16-2399-4549-b0d8-50bcd18dca8f,1,500,初日の出,札幌もいわ山ロープウェイ山頂展望台,,サッポロモイワヤマロープウェイサンチョウテンボウダイ,-,札幌もいわ山ロープウェイ山頂展望台 初日の出,R0101a,,2024-01-01T00:00:00+09:00,2024-01-01T00:00:00+09:00,日付,,,--,,"山頂まではロープウェイとミニケーブルカーを乗り継いで行きます。元旦（1月1日）は特別営業として5:00から運行予定です。（営業時間は予告なく変更する場合がります。詳しくはお問い合わせください）
例年の人出:約2,000人
日の出時刻:7:01頃
おすすめスポット:ロープウェイ、山頂展望台",,なし,"例年、初日の出に間に合う時間帯に交通機関の運行はない
例年、交通機関の特別運航については間際に決定するため確認する必要がある",,,,064-0942,北海道,札幌市,北海道札幌市中央区伏見5-3-7,,,"市電西4丁目駅から内回りで約20分｢ロープウェイ入口｣下車徒歩約10分でロープウェイ山麓駅、そこからロープウェイとミニケーブルカーで約15分、市電｢ロープウェイ入口｣からもいわ山麓駅まで無料シャトルバスあり（6:00から15分間隔で運行　※始発のみ6:05発）
札樽道札幌北ICから山麓駐車場まで約25分",無料（山麓駅横に約120台分あり）,札幌もいわ山ロープウェイ__RCMS_CONTENT_BOUNDARY____RCMS_CONTENT_BOUNDARY____RCMS_CONTENT_BOUNDARY____RCMS_CONTENT_BOUNDARY__,011-561-8177__RCMS_CONTENT_BOUNDARY____RCMS_CONTENT_BOUNDARY____RCMS_CONTENT_BOUNDARY____RCMS_CONTENT_BOUNDARY__,__RCMS_CONTENT_BOUNDARY____RCMS_CONTENT_BOUNDARY____RCMS_CONTENT_BOUNDARY____RCMS_CONTENT_BOUNDARY__,__RCMS_CONTENT_BOUNDARY____RCMS_CONTENT_BOUNDARY____RCMS_CONTENT_BOUNDARY____RCMS_CONTENT_BOUNDARY__,__RCMS_CONTENT_BOUNDARY____RCMS_CONTENT_BOUNDARY____RCMS_CONTENT_BOUNDARY____RCMS_CONTENT_BOUNDARY__,__RCMS_CONTENT_BOUNDARY____RCMS_CONTENT_BOUNDARY____RCMS_CONTENT_BOUNDARY____RCMS_CONTENT_BOUNDARY__,"{""url"":""https://mt-moiwa.jp/"",""title"":""札幌もいわ山ロープウェイ山頂展望台""}__RCMS_CONTENT_BOUNDARY__{""url"":"""",""title"":""""}__RCMS_CONTENT_BOUNDARY__{""url"":"""",""title"":""""}__RCMS_CONTENT_BOUNDARY__{""url"":"""",""title"":""""}__RCMS_CONTENT_BOUNDARY__{""url"":"""",""title"":""""}__RCMS_CONTENT_BOUNDARY__{""url"":"""",""title"":""""}__RCMS_CONTENT_BOUNDARY__{""url"":"""",""title"":""""}__RCMS_CONTENT_BOUNDARY__{""url"":"""",""title"":""""}__RCMS_CONTENT_BOUNDARY__{""url"":"""",""title"":""""}__RCMS_CONTENT_BOUNDARY__{""url"":"""",""title"":""""}",,,,,,PATH::247_ext_30_0.jpg__RCMS_CONTENT_BOUNDARY____RCMS_CONTENT_BOUNDARY____RCMS_CONTENT_BOUNDARY____RCMS_CONTENT_BOUNDARY____RCMS_CONTENT_BOUNDARY____RCMS_CONTENT_BOUNDARY____RCMS_CONTENT_BOUNDARY____RCMS_CONTENT_BOUNDARY____RCMS_CONTENT_BOUNDARY____RCMS_CONTENT_BOUNDARY____RCMS_CONTENT_BOUNDARY____RCMS_CONTENT_BOUNDARY____RCMS_CONTENT_BOUNDARY____RCMS_CONTENT_BOUNDARY__,札幌もいわ山ロープウェイ山頂展望台 初日の出__RCMS_CONTENT_BOUNDARY____RCMS_CONTENT_BOUNDARY____RCMS_CONTENT_BOUNDARY____RCMS_CONTENT_BOUNDARY____RCMS_CONTENT_BOUNDARY____RCMS_CONTENT_BOUNDARY____RCMS_CONTENT_BOUNDARY____RCMS_CONTENT_BOUNDARY____RCMS_CONTENT_BOUNDARY____RCMS_CONTENT_BOUNDARY____RCMS_CONTENT_BOUNDARY____RCMS_CONTENT_BOUNDARY____RCMS_CONTENT_BOUNDARY____RCMS_CONTENT_BOUNDARY__,__RCMS_CONTENT_BOUNDARY____RCMS_CONTENT_BOUNDARY____RCMS_CONTENT_BOUNDARY____RCMS_CONTENT_BOUNDARY____RCMS_CONTENT_BOUNDARY____RCMS_CONTENT_BOUNDARY____RCMS_CONTENT_BOUNDARY____RCMS_CONTENT_BOUNDARY____RCMS_CONTENT_BOUNDARY____RCMS_CONTENT_BOUNDARY____RCMS_CONTENT_BOUNDARY____RCMS_CONTENT_BOUNDARY____RCMS_CONTENT_BOUNDARY____RCMS_CONTENT_BOUNDARY__,__RCMS_CONTENT_BOUNDARY____RCMS_CONTENT_BOUNDARY____RCMS_CONTENT_BOUNDARY____RCMS_CONTENT_BOUNDARY____RCMS_CONTENT_BOUNDARY____RCMS_CONTENT_BOUNDARY____RCMS_CONTENT_BOUNDARY____RCMS_CONTENT_BOUNDARY____RCMS_CONTENT_BOUNDARY____RCMS_CONTENT_BOUNDARY____RCMS_CONTENT_BOUNDARY____RCMS_CONTENT_BOUNDARY____RCMS_CONTENT_BOUNDARY____RCMS_CONTENT_BOUNDARY__,,,,,,2,,,154871255,508773858,43.0222416,141.3223891,2022-12-12 02:07:58.94898+09,2023-12-15 17:09:33.831599+09,1,0,,27,ja,0,,,,,"初日の出,年末年始"
【DB】Event イベント,807,11df4527-b00b-4602-98ed-5fa88c3aae82,1,500,初詣,出水神社,,イズミジンジャ,-,出水神社 初詣,S4303a,,2023-12-31T00:00:00+09:00,2024-01-15T00:00:00+09:00,日付,,,--,,"1月1日6時30分より歳旦祭斎行、新しい年を言祝ぎ、吉き年であるよう祈ります。
例年の人出:約5万人
ご利益:商売繁盛・学業成就・安全祈願・縁結び・合格祈願・交通安全・家内安全・健康長寿・厄除け・安産祈願
時間:12月31日23:00〜1月1日19:00、2・3日8:00〜19:00※参拝の様子により変わることがある
料金:無料",,なし,"駐車場や周辺道路など大変混雑するので公共交通機関の利用を勧めている
三が日のみ臨時駐車場（無料）あり",,,,862-0956,熊本県,熊本市,熊本県熊本市中央区水前寺公園8-1,,,"JR水前寺駅から徒歩約15分
JR熊本駅から市電約30分｢水前寺公園｣下車徒歩約3分
九州道熊本ICから約30分
九州道益城熊本空港ICから約25分
JR新水前寺駅から徒歩約15分または市電約3分｢水前寺公園｣下車徒歩約3分",有料,出水神社__RCMS_CONTENT_BOUNDARY____RCMS_CONTENT_BOUNDARY____RCMS_CONTENT_BOUNDARY____RCMS_CONTENT_BOUNDARY__,096-383-0074__RCMS_CONTENT_BOUNDARY____RCMS_CONTENT_BOUNDARY____RCMS_CONTENT_BOUNDARY____RCMS_CONTENT_BOUNDARY__,__RCMS_CONTENT_BOUNDARY____RCMS_CONTENT_BOUNDARY____RCMS_CONTENT_BOUNDARY____RCMS_CONTENT_BOUNDARY__,__RCMS_CONTENT_BOUNDARY____RCMS_CONTENT_BOUNDARY____RCMS_CONTENT_BOUNDARY____RCMS_CONTENT_BOUNDARY__,__RCMS_CONTENT_BOUNDARY____RCMS_CONTENT_BOUNDARY____RCMS_CONTENT_BOUNDARY____RCMS_CONTENT_BOUNDARY__,__RCMS_CONTENT_BOUNDARY____RCMS_CONTENT_BOUNDARY____RCMS_CONTENT_BOUNDARY____RCMS_CONTENT_BOUNDARY__,"{""url"":""http://www.suizenji.or.jp/"",""title"":""出水神社""}__RCMS_CONTENT_BOUNDARY__{""url"":"""",""title"":""""}__RCMS_CONTENT_BOUNDARY__{""url"":"""",""title"":""""}__RCMS_CONTENT_BOUNDARY__{""url"":"""",""title"":""""}__RCMS_CONTENT_BOUNDARY__{""url"":"""",""title"":""""}__RCMS_CONTENT_BOUNDARY__{""url"":"""",""title"":""""}__RCMS_CONTENT_BOUNDARY__{""url"":"""",""title"":""""}__RCMS_CONTENT_BOUNDARY__{""url"":"""",""title"":""""}__RCMS_CONTENT_BOUNDARY__{""url"":"""",""title"":""""}__RCMS_CONTENT_BOUNDARY__{""url"":"""",""title"":""""}",,,,,,PATH::807_ext_30_0.jpg__RCMS_CONTENT_BOUNDARY____RCMS_CONTENT_BOUNDARY____RCMS_CONTENT_BOUNDARY____RCMS_CONTENT_BOUNDARY____RCMS_CONTENT_BOUNDARY____RCMS_CONTENT_BOUNDARY____RCMS_CONTENT_BOUNDARY____RCMS_CONTENT_BOUNDARY____RCMS_CONTENT_BOUNDARY____RCMS_CONTENT_BOUNDARY____RCMS_CONTENT_BOUNDARY____RCMS_CONTENT_BOUNDARY____RCMS_CONTENT_BOUNDARY____RCMS_CONTENT_BOUNDARY__,出水神社 初詣__RCMS_CONTENT_BOUNDARY____RCMS_CONTENT_BOUNDARY____RCMS_CONTENT_BOUNDARY____RCMS_CONTENT_BOUNDARY____RCMS_CONTENT_BOUNDARY____RCMS_CONTENT_BOUNDARY____RCMS_CONTENT_BOUNDARY____RCMS_CONTENT_BOUNDARY____RCMS_CONTENT_BOUNDARY____RCMS_CONTENT_BOUNDARY____RCMS_CONTENT_BOUNDARY____RCMS_CONTENT_BOUNDARY____RCMS_CONTENT_BOUNDARY____RCMS_CONTENT_BOUNDARY__,__RCMS_CONTENT_BOUNDARY____RCMS_CONTENT_BOUNDARY____RCMS_CONTENT_BOUNDARY____RCMS_CONTENT_BOUNDARY____RCMS_CONTENT_BOUNDARY____RCMS_CONTENT_BOUNDARY____RCMS_CONTENT_BOUNDARY____RCMS_CONTENT_BOUNDARY____RCMS_CONTENT_BOUNDARY____RCMS_CONTENT_BOUNDARY____RCMS_CONTENT_BOUNDARY____RCMS_CONTENT_BOUNDARY____RCMS_CONTENT_BOUNDARY____RCMS_CONTENT_BOUNDARY__,__RCMS_CONTENT_BOUNDARY____RCMS_CONTENT_BOUNDARY____RCMS_CONTENT_BOUNDARY____RCMS_CONTENT_BOUNDARY____RCMS_CONTENT_BOUNDARY____RCMS_CONTENT_BOUNDARY____RCMS_CONTENT_BOUNDARY____RCMS_CONTENT_BOUNDARY____RCMS_CONTENT_BOUNDARY____RCMS_CONTENT_BOUNDARY____RCMS_CONTENT_BOUNDARY____RCMS_CONTENT_BOUNDARY____RCMS_CONTENT_BOUNDARY____RCMS_CONTENT_BOUNDARY__,,,,,,3,,,118038812,470651947,32.7919323,130.7343138,2022-12-12 02:07:58.94898+09,2023-12-11 16:12:17.437038+09,1,0,,27,ja,0,,,,,"季節イベント,神社,初詣,季節のお出かけ,年末年始"
【DB】Event イベント,1629,ef1666c8-8c64-4052-a2d5-dbb9df8341aa,1,500,イルミネーション,冬に咲くさくらライトアップ,,フユニサクサクラライトアップ,-,冬に咲くさくらライトアップ,IV0213,,2023-12-01T00:00:00+09:00,2024-02-21T00:00:00+09:00,上中下旬,,,--,,"りんごの管理技術を桜に活かし、日本一と名高い弘前公園のソメイヨシノ。2017年「そのソメイヨシノを冬でも満開にしたい」と市民が立ち上がり、クラウドファンディングで資金を集めてライトアップ。冬に咲かせた見事なさくらを見ようと、多くの人々が訪れました。今シーズンはフルカラーLED投光器を活用し、更に完成度を高めて実施する予定ですので、ぜひご覧ください。※天候や積雪により見え方は異なります。
点灯時間:日没〜21:00（予定）
灯りの種類と数:LED投光器約140台以上（昨年実績）
",,なし,,,日本一と名高い弘前のさくらを冬にもライトアップで咲かせます。ぜひ、ご覧ください。,,036-8356,青森県,弘前市,青森県弘前公園追手門付近外濠,,,"弘前駅からバスで15分
大鰐弘前ICから車で25分
",有料（弘前市立観光館地下駐車場）,弘前市観光部観光課__RCMS_CONTENT_BOUNDARY__,0172-40-0236__RCMS_CONTENT_BOUNDARY__,__RCMS_CONTENT_BOUNDARY____RCMS_CONTENT_BOUNDARY____RCMS_CONTENT_BOUNDARY____RCMS_CONTENT_BOUNDARY__,__RCMS_CONTENT_BOUNDARY____RCMS_CONTENT_BOUNDARY____RCMS_CONTENT_BOUNDARY____RCMS_CONTENT_BOUNDARY__,__RCMS_CONTENT_BOUNDARY____RCMS_CONTENT_BOUNDARY____RCMS_CONTENT_BOUNDARY____RCMS_CONTENT_BOUNDARY__,__RCMS_CONTENT_BOUNDARY____RCMS_CONTENT_BOUNDARY____RCMS_CONTENT_BOUNDARY____RCMS_CONTENT_BOUNDARY__,"{""url"":""https://hirosaki-fuyusajyra.jimdofree.com/"",""title"":""冬に咲くさくらライトアップ""}",,,,,,PATH::1629_ext_30_0.jpg,冬に咲くさくらライトアップ,冬に咲くさくらライトアップ実行委員会,冬に咲くさくらライトアップ実行委員会,,,,,,1,,,146163500,505685492,40.6036598,140.4646999,2022-12-12 02:07:58.94898+09,2023-11-08 15:34:07.89956+09,1,0,,0,ja,0,,,,,"クリスマス＆年末イルミネーション,季節のお出かけ,年末年始"
【DB】Event イベント,1797,6fa05529-8b8c-45bb-b75a-300e2bfdc940,1,500,イルミネーション,城下町大垣イルミネーション,,ジョウカマチオオガキイルミネーション,-,城下町大垣イルミネーション,IV2124,,2023-11-25T00:00:00+09:00,2024-01-31T00:00:00+09:00,日付,,,--,,"大垣駅周辺、新大橋にモニュメントを設置するほか、大垣駅南街区広場をイルミネーションで装飾します。中心市街地を様々なイルミネーションで彩り、鮮やかな光の空間を演出します。
点灯時間:17:00〜21:00
灯りの種類と数:電球、LED
例年の人出:3万5,000人",,なし,,,中心市街地で演出される光の空間が、冬の「城下町　大垣」を彩ります。,,503-0901,岐阜県,大垣市,岐阜県大垣市高屋町1丁目　大垣駅南街区広場　他,,,"JR大垣駅南口からすぐ
名神高速大垣ICから約15分、または東海環状道大垣西ICから約8分
",なし,城下町大垣イルミネーション実行委員会（事務局:大垣市商工観光課）__RCMS_CONTENT_BOUNDARY__,0584-47-8597__RCMS_CONTENT_BOUNDARY__,__RCMS_CONTENT_BOUNDARY____RCMS_CONTENT_BOUNDARY____RCMS_CONTENT_BOUNDARY____RCMS_CONTENT_BOUNDARY__,__RCMS_CONTENT_BOUNDARY____RCMS_CONTENT_BOUNDARY____RCMS_CONTENT_BOUNDARY____RCMS_CONTENT_BOUNDARY__,__RCMS_CONTENT_BOUNDARY____RCMS_CONTENT_BOUNDARY____RCMS_CONTENT_BOUNDARY____RCMS_CONTENT_BOUNDARY__,（直通）__RCMS_CONTENT_BOUNDARY__,"{""url"":""https://www.ogakikanko.jp/"",""title"":""城下町大垣イルミネーション""}",,,,,,PATH::1797_ext_30_0.jpg,城下町大垣イルミネーション,城下町大垣イルミネーション実行委員会,城下町大垣イルミネーション実行委員会,,,,,,0,,,127306859,491833216,35.3662158,136.6174069,2022-12-12 02:07:58.94898+09,2023-11-08 15:34:07.89956+09,1,0,,0,ja,0,,,,,"季節イベント,イベント,クリスマス＆年末イルミネーション,季節のお出かけ,年末年始"
【DB】Event イベント,1572,2cbc5ace-98e1-4839-a64f-83e8fbd1ee20,1,500,スキー,御在所スキー場,,ゴザイショスキージョウ,-,御在所スキー場,24341ca3372097150,,2024-01-02T00:00:00+09:00,2024-03-03T00:00:00+09:00,日付,,,通年実施,,"<ファミリー向けのコンパクトなゲレンデ>
名古屋市街から車で約1時間行ける、三重県唯一のスキー場です。
シーズン（営業期間）:1月2日〜3月3日
スノーボードの滑走:×全面滑走不可
コース:コース数 2　最大斜度25度　最長滑走距離 0.21Km
上級20%中級20%初級60%
リフト数：ゴンドラ/リフト/他:シングル2
運行時間通常（日曜祝日）:9:30〜15:30
運行時間通常（土曜日）:9:30〜15:30
運行時間通常（祝前日）:9:30〜15:30
運行時間通常（平日）:9:30〜15:30
料金・券種:1日券 2,000円
",,なし,,,,,,三重県,三重郡菰野町,三重県三重郡菰野町湯の山温泉,,,"新名神高速道路菰野（こもの）ICから約10分
近鉄湯の山温泉駅から三重交通バスで10分
","あり 300台 1,000円",御在所ロープウエイ株式会社__RCMS_CONTENT_BOUNDARY____RCMS_CONTENT_BOUNDARY____RCMS_CONTENT_BOUNDARY__当日連絡先__RCMS_CONTENT_BOUNDARY__,059-392-2261__RCMS_CONTENT_BOUNDARY____RCMS_CONTENT_BOUNDARY____RCMS_CONTENT_BOUNDARY__059-392-2261__RCMS_CONTENT_BOUNDARY__,__RCMS_CONTENT_BOUNDARY____RCMS_CONTENT_BOUNDARY____RCMS_CONTENT_BOUNDARY____RCMS_CONTENT_BOUNDARY__,__RCMS_CONTENT_BOUNDARY____RCMS_CONTENT_BOUNDARY____RCMS_CONTENT_BOUNDARY____RCMS_CONTENT_BOUNDARY__,__RCMS_CONTENT_BOUNDARY____RCMS_CONTENT_BOUNDARY____RCMS_CONTENT_BOUNDARY____RCMS_CONTENT_BOUNDARY__,__RCMS_CONTENT_BOUNDARY__,"{""url"":""https://www.gozaisho.co.jp/"",""title"":""御在所スキー場""}__RCMS_CONTENT_BOUNDARY__{""url"":""https://twitter.com/gozaishoropeway"",""title"":""@GozaishoRopeway""}__RCMS_CONTENT_BOUNDARY__{""url"":""https://www.facebook.com/gozaisho"",""title"":""御在所ロープウエイ""}",,,,,,PATH::1572_ext_30_0.jpg,御在所スキー場,御在所ロープウエイ,御在所ロープウエイ,,,,,,,,,126062053,491117303,35.0204712,136.4185706,2022-12-12 02:07:58.94898+09,2023-12-05 14:57:08.748865+09,1,0,,0,ja,0,,,,,"駐車場有り,休憩所有り,仮眠所有り,プレイルームあり,スキー場,季節のお出かけ"
【DB】Event イベント,1467,f20dc3b3-3a4d-4d6c-b6ad-b62636cdc19c,1,500,スキー,あわすのスキー場,,アワスノスキージョウ,-,あわすのスキー場,16201ca3472104786,,2023-12-16T00:00:00+09:00,2024-03-31T00:00:00+09:00,日付,,,--,3月は平日休み。,"<ファミリー割引（大人1人＋小人1人）5,500円>
ファミリーからオフピステ愛好者まで幅広く楽しめます。
シーズン（営業期間）:12月16日〜3月31日（3月は平日定休）
スノーボードの滑走:◎全面滑走可
コース:コース数 4　最大斜度28度　最長滑走距離 1.2Km
上級30%中級40%初級30%
リフト数：ゴンドラ/リフト/他:ペア2、サンキッド1
運行時間通常（日曜祝日）:8:30〜16:00
運行時間通常（土曜日）:8:30〜16:00
運行時間通常（祝前日）:9:00〜15:30
運行時間通常（平日）:9:00〜15:30
料金・券種:1日券（キッズパーク入場券付） 4,300円
パーク:キッズパーク
パーク内容（アイテム名）:サンキッド
",,なし,,,,,,富山県,富山市,富山県富山市本宮粟巣野1868,,,"北陸道立山ICから約20km
富山地方鉄道立山線立山駅からバス約10分
",あり 450台 無料,あわすのスキー場__RCMS_CONTENT_BOUNDARY____RCMS_CONTENT_BOUNDARY____RCMS_CONTENT_BOUNDARY__当日連絡先__RCMS_CONTENT_BOUNDARY__,076-460-3688__RCMS_CONTENT_BOUNDARY____RCMS_CONTENT_BOUNDARY____RCMS_CONTENT_BOUNDARY__076-460-3688__RCMS_CONTENT_BOUNDARY__,__RCMS_CONTENT_BOUNDARY____RCMS_CONTENT_BOUNDARY____RCMS_CONTENT_BOUNDARY____RCMS_CONTENT_BOUNDARY__,__RCMS_CONTENT_BOUNDARY____RCMS_CONTENT_BOUNDARY____RCMS_CONTENT_BOUNDARY____RCMS_CONTENT_BOUNDARY__,__RCMS_CONTENT_BOUNDARY____RCMS_CONTENT_BOUNDARY____RCMS_CONTENT_BOUNDARY____RCMS_CONTENT_BOUNDARY__,__RCMS_CONTENT_BOUNDARY__,"{""url"":""https://awasuno.com/"",""title"":""あわすのスキー場""}__RCMS_CONTENT_BOUNDARY__{""url"":"""",""title"":""""}__RCMS_CONTENT_BOUNDARY__{""url"":""https://www.facebook.com/awasunoskiarea/"",""title"":""あわすのスキー場""}",,,,,,PATH::1467_ext_30_0.jpg,あわすのスキー場,__RCMS_CONTENT_BOUNDARY____RCMS_CONTENT_BOUNDARY____RCMS_CONTENT_BOUNDARY____RCMS_CONTENT_BOUNDARY____RCMS_CONTENT_BOUNDARY____RCMS_CONTENT_BOUNDARY____RCMS_CONTENT_BOUNDARY____RCMS_CONTENT_BOUNDARY____RCMS_CONTENT_BOUNDARY____RCMS_CONTENT_BOUNDARY____RCMS_CONTENT_BOUNDARY____RCMS_CONTENT_BOUNDARY____RCMS_CONTENT_BOUNDARY____RCMS_CONTENT_BOUNDARY__,__RCMS_CONTENT_BOUNDARY____RCMS_CONTENT_BOUNDARY____RCMS_CONTENT_BOUNDARY____RCMS_CONTENT_BOUNDARY____RCMS_CONTENT_BOUNDARY____RCMS_CONTENT_BOUNDARY____RCMS_CONTENT_BOUNDARY____RCMS_CONTENT_BOUNDARY____RCMS_CONTENT_BOUNDARY____RCMS_CONTENT_BOUNDARY____RCMS_CONTENT_BOUNDARY____RCMS_CONTENT_BOUNDARY____RCMS_CONTENT_BOUNDARY____RCMS_CONTENT_BOUNDARY__,,,,,,4,,,131656259,494812220,36.5742534,137.4447975,2022-12-12 02:07:58.94898+09,2023-12-05 14:57:08.748865+09,1,0,,0,ja,0,,,,,"駐車場有り,休憩所有り,仮眠所有り,プレイルームあり,スキー場,季節のお出かけ,年末年始"
【DB】Event イベント,941,c133f8aa-81b7-4ef0-a872-b5eb8a4e9b1e,1,500,サクラ,千波湖の桜,,センバコ,,千波湖の桜,S0816,,2023-03-21T00:00:00+09:00,2023-04-10T00:00:00+09:00,上中下旬,,,--,,"千波湖は、偕楽園の南東に位置する周囲3kmのひょうたん形の湖です。桜並木の遊歩道が湖をぐるっと囲っており、ウォーキングやジョギングが楽しめます。湖畔にはカフェもあり、市民のオアシスとして親しまれています。
見頃: 3月下旬〜4月上旬
桜まつり: （1）第39回水戸の桜まつり、（2）スプリングフェスティバルin水戸2023 （1）3月25日〜4月9日、（2）日程未定 （1）4月1日及び2日に夜梅BARを開催、（2）未定
夜桜: 桜のライトアップ 3月24日〜4月9日 18:00〜22:00
開園・閉園時間: 24時間開放
露店: なし
宴会の可否: 可
宴会の注意事項: 他の人の迷惑にならないように。「密」にならないように。
入場料金: 無料",,なし,,,,,310-0851,茨城県,水戸市,茨城県水戸市千波町3081,,,"JR水戸駅北口6番乗り場から関東鉄道・関鉄グリーンバス「偕楽園行き」を除くすべてのバスに乗車し，「千波湖下車」（約10分）
水戸ICから約20分
JR水戸駅南口から徒歩約15分
交通注意事項: その他（駐車場に一部無料スペースあり）",駐車場: 有料・無料ともにあり,（一社）水戸観光コンベンション協会,029-224-0441,__RCMS_CONTENT_BOUNDARY____RCMS_CONTENT_BOUNDARY____RCMS_CONTENT_BOUNDARY____RCMS_CONTENT_BOUNDARY__,__RCMS_CONTENT_BOUNDARY____RCMS_CONTENT_BOUNDARY____RCMS_CONTENT_BOUNDARY____RCMS_CONTENT_BOUNDARY__,__RCMS_CONTENT_BOUNDARY____RCMS_CONTENT_BOUNDARY____RCMS_CONTENT_BOUNDARY____RCMS_CONTENT_BOUNDARY__,__RCMS_CONTENT_BOUNDARY____RCMS_CONTENT_BOUNDARY____RCMS_CONTENT_BOUNDARY____RCMS_CONTENT_BOUNDARY__,"{""url"":""https://mitokoumon.com/facility/park/senbako/"",""title"":""千波湖""}__RCMS_CONTENT_BOUNDARY__{""url"":""https://www.facebook.com/水戸市観光課水戸観光協会-220462898036054"",""title"":""水戸市観光課・水戸観光コンベンション協会""}__RCMS_CONTENT_BOUNDARY__{""url"":""https://twitter.com/mitokoumon310"",""title"":""@mitokoumon310""}",,,,,,PATH::941_ext_30_0.jpg,千波湖の桜,__RCMS_CONTENT_BOUNDARY____RCMS_CONTENT_BOUNDARY____RCMS_CONTENT_BOUNDARY____RCMS_CONTENT_BOUNDARY____RCMS_CONTENT_BOUNDARY____RCMS_CONTENT_BOUNDARY____RCMS_CONTENT_BOUNDARY____RCMS_CONTENT_BOUNDARY____RCMS_CONTENT_BOUNDARY____RCMS_CONTENT_BOUNDARY____RCMS_CONTENT_BOUNDARY____RCMS_CONTENT_BOUNDARY____RCMS_CONTENT_BOUNDARY____RCMS_CONTENT_BOUNDARY__,__RCMS_CONTENT_BOUNDARY____RCMS_CONTENT_BOUNDARY____RCMS_CONTENT_BOUNDARY____RCMS_CONTENT_BOUNDARY____RCMS_CONTENT_BOUNDARY____RCMS_CONTENT_BOUNDARY____RCMS_CONTENT_BOUNDARY____RCMS_CONTENT_BOUNDARY____RCMS_CONTENT_BOUNDARY____RCMS_CONTENT_BOUNDARY____RCMS_CONTENT_BOUNDARY____RCMS_CONTENT_BOUNDARY____RCMS_CONTENT_BOUNDARY____RCMS_CONTENT_BOUNDARY__,,,,,,0,,,130887175,505654031,36.3607181,140.4561308,2022-12-12 02:07:58.94898+09,2023-09-17 13:07:47.943491+09,1,0,,0,ja,0,,,,,"湖沼,季節イベント,桜,季節のお出かけ"
【DB】Event イベント,883,d850bfef-e0d7-41b4-af09-c488a427e3b2,1,500,サクラ,平筒沼ふれあい公園の桜,,ビョウドウヌマフレアイコウエン,,平筒沼ふれあい公園の桜,S0427,,2023-04-11T00:00:00+09:00,2023-04-30T00:00:00+09:00,上中下旬,,,--,,"平筒沼の周辺に遊歩道があり、その沿道に桜を昭和60年米山町民参加によって植えてから、現在では800本となり、4月中旬頃一斉に咲き誇ります。
見頃: 4月中旬〜4月下旬
桜まつり: 2023平筒沼ふれあい公園桜まつり 4月16日 9:30〜16:00　よさこい、舞踊、歌謡ステージ
夜桜: 沼面に映し出される桜と提灯の灯りが幻想的です。 4月12日〜4月28日 18:00〜21:30
開園・閉園時間: 24時間開放
露店: あり（イベント時のみ）
宴会の可否: 可
宴会の注意事項: 火気使用（指定場所のみ）は事前申し込み必要、直火禁止（問合せ先：平筒沼youyou館　0220-55-4007）
入場料金: 無料",,なし,,,,,987-0311,宮城県,登米市,宮城県登米市米山町桜岡貝待井581-2,,,"JR陸前豊里駅から徒歩約10分の豊里郵便局前から豊里線（上り）登米市民バス約10分｢米山東小学校前｣下車徒歩約30分
JR瀬峰駅から南方線（上り）登米市民バス約30分｢ミヤコーバス佐沼営業所｣で豊里線（下り）登米市民バスに乗り換え約45分｢米山東小学校前｣下車徒歩約30分
東北道古川ICから約45分
三陸道桃生豊里ICから約20分",駐車場: 無料,平筒沼you　you館__RCMS_CONTENT_BOUNDARY__登米市米山総合支所　市民課__RCMS_CONTENT_BOUNDARY__登米市吉田公民館,0220-55-4007__RCMS_CONTENT_BOUNDARY__0220-55-2111__RCMS_CONTENT_BOUNDARY__0220-55-2124,__RCMS_CONTENT_BOUNDARY____RCMS_CONTENT_BOUNDARY____RCMS_CONTENT_BOUNDARY____RCMS_CONTENT_BOUNDARY__,__RCMS_CONTENT_BOUNDARY____RCMS_CONTENT_BOUNDARY____RCMS_CONTENT_BOUNDARY____RCMS_CONTENT_BOUNDARY__,__RCMS_CONTENT_BOUNDARY____RCMS_CONTENT_BOUNDARY____RCMS_CONTENT_BOUNDARY____RCMS_CONTENT_BOUNDARY__,__RCMS_CONTENT_BOUNDARY____RCMS_CONTENT_BOUNDARY__,null__RCMS_CONTENT_BOUNDARY__null__RCMS_CONTENT_BOUNDARY__null__RCMS_CONTENT_BOUNDARY__null__RCMS_CONTENT_BOUNDARY__null__RCMS_CONTENT_BOUNDARY__null__RCMS_CONTENT_BOUNDARY__null__RCMS_CONTENT_BOUNDARY__null__RCMS_CONTENT_BOUNDARY__null__RCMS_CONTENT_BOUNDARY__null,,,,,,PATH::883_ext_30_0.jpg,平筒沼ふれあい公園の桜,__RCMS_CONTENT_BOUNDARY____RCMS_CONTENT_BOUNDARY____RCMS_CONTENT_BOUNDARY____RCMS_CONTENT_BOUNDARY____RCMS_CONTENT_BOUNDARY____RCMS_CONTENT_BOUNDARY____RCMS_CONTENT_BOUNDARY____RCMS_CONTENT_BOUNDARY____RCMS_CONTENT_BOUNDARY____RCMS_CONTENT_BOUNDARY____RCMS_CONTENT_BOUNDARY____RCMS_CONTENT_BOUNDARY____RCMS_CONTENT_BOUNDARY____RCMS_CONTENT_BOUNDARY__,__RCMS_CONTENT_BOUNDARY____RCMS_CONTENT_BOUNDARY____RCMS_CONTENT_BOUNDARY____RCMS_CONTENT_BOUNDARY____RCMS_CONTENT_BOUNDARY____RCMS_CONTENT_BOUNDARY____RCMS_CONTENT_BOUNDARY____RCMS_CONTENT_BOUNDARY____RCMS_CONTENT_BOUNDARY____RCMS_CONTENT_BOUNDARY____RCMS_CONTENT_BOUNDARY____RCMS_CONTENT_BOUNDARY____RCMS_CONTENT_BOUNDARY____RCMS_CONTENT_BOUNDARY__,,,,,,0,,,139011390,508457040,38.6172148,141.234581,2022-12-12 02:07:58.94898+09,2023-09-17 13:07:47.943491+09,1,0,,0,ja,0,,,,,"湖沼,季節イベント,桜,季節のお出かけ,GW"
【DB】Event イベント,190,34aa3a8f-becd-434f-977e-c6f3b7d7f182,1,500,花火大会,第18回出雲神話まつり　花火大会,,ダイジュウハチカイイズモシンワマツリハナビタイカイ,,第18回出雲神話まつり　花火大会,F3211,,2023-08-20T00:00:00+09:00,2023-08-20T00:00:00+09:00,日付,,,--,,"「神話の夢舞台　出雲」をキャッチフレーズに平成18年から開催している出雲神話まつりは、今年で18回目になります。今年の神話まつりは、8月12日に今市町くにびき中央通りで出雲盆踊りを、8月20日にヤマタノオロチ神話で有名な斐伊川で花火大会を開催し、人々に夢と感動を与える大会を創出します。
例年の人出: 約140,000人
場所: 大津町　神立河川敷公園
日程: 2023年8月20日（日）
時間: 20:00〜20:50
順延日等: 荒天中止
トイレ: あり
有料席の有無: なし
車の問い合わせ先: 出雲神話まつり振興会事務局 0853-21-8420
シャトルバスの有無: なし",,なし,,,,大津町　神立河川敷公園,,島根県,出雲市,島根県出雲市,,,"一畑電鉄北松江線大津町駅から徒歩約15分
山陰道斐川ICから国道9号経由約15分",駐車場: なし,問い合わせ先１: 出雲神話まつり振興会事務局__RCMS_CONTENT_BOUNDARY__問い合わせ先２: 出雲市　観光課,0853-21-8420__RCMS_CONTENT_BOUNDARY__0853-21-6588,__RCMS_CONTENT_BOUNDARY____RCMS_CONTENT_BOUNDARY____RCMS_CONTENT_BOUNDARY____RCMS_CONTENT_BOUNDARY__,__RCMS_CONTENT_BOUNDARY____RCMS_CONTENT_BOUNDARY____RCMS_CONTENT_BOUNDARY____RCMS_CONTENT_BOUNDARY__,__RCMS_CONTENT_BOUNDARY____RCMS_CONTENT_BOUNDARY____RCMS_CONTENT_BOUNDARY____RCMS_CONTENT_BOUNDARY__,__RCMS_CONTENT_BOUNDARY____RCMS_CONTENT_BOUNDARY____RCMS_CONTENT_BOUNDARY____RCMS_CONTENT_BOUNDARY__,"{""url"":""https://www.facebook.com/profile.php?id=100092347947689"",""title"":""出雲神話まつり実行委員会""}",,,,,,PATH::190_ext_30_0.jpg,第18回出雲神話まつり　花火大会,__RCMS_CONTENT_BOUNDARY____RCMS_CONTENT_BOUNDARY____RCMS_CONTENT_BOUNDARY____RCMS_CONTENT_BOUNDARY____RCMS_CONTENT_BOUNDARY____RCMS_CONTENT_BOUNDARY____RCMS_CONTENT_BOUNDARY____RCMS_CONTENT_BOUNDARY____RCMS_CONTENT_BOUNDARY____RCMS_CONTENT_BOUNDARY____RCMS_CONTENT_BOUNDARY____RCMS_CONTENT_BOUNDARY____RCMS_CONTENT_BOUNDARY____RCMS_CONTENT_BOUNDARY__,__RCMS_CONTENT_BOUNDARY____RCMS_CONTENT_BOUNDARY____RCMS_CONTENT_BOUNDARY____RCMS_CONTENT_BOUNDARY____RCMS_CONTENT_BOUNDARY____RCMS_CONTENT_BOUNDARY____RCMS_CONTENT_BOUNDARY____RCMS_CONTENT_BOUNDARY____RCMS_CONTENT_BOUNDARY____RCMS_CONTENT_BOUNDARY____RCMS_CONTENT_BOUNDARY____RCMS_CONTENT_BOUNDARY____RCMS_CONTENT_BOUNDARY____RCMS_CONTENT_BOUNDARY__,,,,,,,,,127325949,478022347,35.3714512,132.7814047,2022-12-11 23:41:23.032401+09,2023-09-17 13:07:47.943491+09,1,0,,7,ja,0,,,,,"トイレ有り,花火大会,季節イベント,イベント,川,季節のお出かけ"
【DB】Event イベント,162475,320d5392-8c5f-4fb2-903b-5321c907b28f,1,500,花火大会,第36回関門海峡花火大会,,ダイサンジュウロッカイカンモンカイキョウハナビタイカイ,,第36回関門海峡花火大会,F4007,,2023-08-13T00:00:00+09:00,2023-08-13T00:00:00+09:00,日付,,,--,,"海峡を挟んで両岸から打ち上げられる花火は世界でもあまり例がありません。門司側は連発花火・音楽花火、下関側は1尺5寸玉の打ち上げ・水中花火。また、花火に協賛頂いた方には協賛席をご用意致します。（お問い合せは関門海峡花火大会実行委員会門司公式HPまで）
打上数: 約15,000発
例年の人出: 約600,000人（門司）、約450,000人（下関）
場所: （門司側）門司区　西海岸周辺、（下関側）下関市あるかぽーと下関及び22号岸壁（市営細江駐車場）周辺
日程: 2023年8月13日（日）
時間: 19:50〜20:40
順延日等: 雨天決行荒天中止
トイレ: あり
有料席の有無: あり
有料席の問い合わせ先: 関門海峡花火大会実行委員会門司HP https://kanmon-hanabi.love/
車の問い合わせ先: （門司側）関門海峡花火大会実行委員会門司、（下関側）下関21世紀協会 （門司側）093-331-8781、（下関側）0832-23-2001
シャトルバスの有無: なし",,なし,,,,（門司側）門司区　西海岸周辺、（下関側）下関市あるかぽーと下関及び22号岸壁（市営細江駐車場）周辺,,福岡県,北九州市,福岡県北九州市,,,"（門司側）JR門司港駅から徒歩約5分
（下関側）JR下関駅から徒歩約15分
公共の交通機関をご利用ください",駐車場: なし,問い合わせ先１: 関門海峡花火大会実行委員会門司__RCMS_CONTENT_BOUNDARY__問い合わせ先２: 北九州市コールセンター__RCMS_CONTENT_BOUNDARY__問い合わせ先３: 下関21世紀協会,093-331-8781__RCMS_CONTENT_BOUNDARY__093-671-8181__RCMS_CONTENT_BOUNDARY__083-223-2001,__RCMS_CONTENT_BOUNDARY____RCMS_CONTENT_BOUNDARY____RCMS_CONTENT_BOUNDARY____RCMS_CONTENT_BOUNDARY__,__RCMS_CONTENT_BOUNDARY____RCMS_CONTENT_BOUNDARY____RCMS_CONTENT_BOUNDARY____RCMS_CONTENT_BOUNDARY__,__RCMS_CONTENT_BOUNDARY____RCMS_CONTENT_BOUNDARY____RCMS_CONTENT_BOUNDARY____RCMS_CONTENT_BOUNDARY__,__RCMS_CONTENT_BOUNDARY____RCMS_CONTENT_BOUNDARY____RCMS_CONTENT_BOUNDARY__（門司側）093-331-8781、（下関側）0832-23-2001,"{""url"":""https://kanmon-hanabi.love"",""title"":""第36回関門海峡花火大会""}__RCMS_CONTENT_BOUNDARY__{""url"":""https://www.facebook.com/kaikyohanabimoji/"",""title"":""関門海峡花火大会門司""}",,,,,,PATH::162475_ext_30_0.jpg,第36回関門海峡花火大会,__RCMS_CONTENT_BOUNDARY____RCMS_CONTENT_BOUNDARY____RCMS_CONTENT_BOUNDARY____RCMS_CONTENT_BOUNDARY____RCMS_CONTENT_BOUNDARY____RCMS_CONTENT_BOUNDARY____RCMS_CONTENT_BOUNDARY____RCMS_CONTENT_BOUNDARY____RCMS_CONTENT_BOUNDARY____RCMS_CONTENT_BOUNDARY____RCMS_CONTENT_BOUNDARY____RCMS_CONTENT_BOUNDARY____RCMS_CONTENT_BOUNDARY____RCMS_CONTENT_BOUNDARY__,__RCMS_CONTENT_BOUNDARY____RCMS_CONTENT_BOUNDARY____RCMS_CONTENT_BOUNDARY____RCMS_CONTENT_BOUNDARY____RCMS_CONTENT_BOUNDARY____RCMS_CONTENT_BOUNDARY____RCMS_CONTENT_BOUNDARY____RCMS_CONTENT_BOUNDARY____RCMS_CONTENT_BOUNDARY____RCMS_CONTENT_BOUNDARY____RCMS_CONTENT_BOUNDARY____RCMS_CONTENT_BOUNDARY____RCMS_CONTENT_BOUNDARY____RCMS_CONTENT_BOUNDARY__,,,,,,0,,,122189782,471456360,33.9448684,130.9577153,2023-01-30 22:08:50.614268+09,2023-09-17 13:07:47.943491+09,1,0,,0,ja,0,,,,,"トイレ有り,有料席有り,花火大会,季節イベント,イベント,港,季節のお出かけ"
